id,firstname,lastname,email,email2,profession
100,Mignon,Gualtiero,Mignon.Gualtiero@yopmail.com,Mignon.Gualtiero@gmail.com,worker
101,Sallie,Danby,Sallie.Danby@yopmail.com,Sallie.Danby@gmail.com,police officer
102,Chere,Carbo,Chere.Carbo@yopmail.com,Chere.Carbo@gmail.com,police officer
103,Caressa,Kamaria,Caressa.Kamaria@yopmail.com,Caressa.Kamaria@gmail.com,developer
104,Ebonee,Lemuela,Ebonee.Lemuela@yopmail.com,Ebonee.Lemuela@gmail.com,firefighter
105,Berget,Ciapas,Berget.Ciapas@yopmail.com,Berget.Ciapas@gmail.com,worker
106,Romona,Pettiford,Romona.Pettiford@yopmail.com,Romona.Pettiford@gmail.com,firefighter
107,Dotty,Erb,Dotty.Erb@yopmail.com,Dotty.Erb@gmail.com,firefighter
108,Farrah,Alisia,Farrah.Alisia@yopmail.com,Farrah.Alisia@gmail.com,doctor
109,Sissy,Madox,Sissy.Madox@yopmail.com,Sissy.Madox@gmail.com,developer
110,Cam,Winthorpe,Cam.Winthorpe@yopmail.com,Cam.Winthorpe@gmail.com,worker
111,Taffy,Teddman,Taffy.Teddman@yopmail.com,Taffy.Teddman@gmail.com,developer
112,Tori,Bandeen,Tori.Bandeen@yopmail.com,Tori.Bandeen@gmail.com,developer
113,Suzette,Earlie,Suzette.Earlie@yopmail.com,Suzette.Earlie@gmail.com,doctor
114,Magdalena,Kenwood,Magdalena.Kenwood@yopmail.com,Magdalena.Kenwood@gmail.com,firefighter
115,Starla,Girardo,Starla.Girardo@yopmail.com,Starla.Girardo@gmail.com,firefighter
116,Di,Swigart,Di.Swigart@yopmail.com,Di.Swigart@gmail.com,developer
117,Amalie,Lenny,Amalie.Lenny@yopmail.com,Amalie.Lenny@gmail.com,police officer
118,Mady,Dreda,Mady.Dreda@yopmail.com,Mady.Dreda@gmail.com,police officer
119,Monika,Norvol,Monika.Norvol@yopmail.com,Monika.Norvol@gmail.com,police officer
120,Gertrud,Vivle,Gertrud.Vivle@yopmail.com,Gertrud.Vivle@gmail.com,developer
121,Arabel,Erminia,Arabel.Erminia@yopmail.com,Arabel.Erminia@gmail.com,police officer
122,Ardenia,Maribeth,Ardenia.Maribeth@yopmail.com,Ardenia.Maribeth@gmail.com,doctor
123,Elka,Lemuela,Elka.Lemuela@yopmail.com,Elka.Lemuela@gmail.com,firefighter
124,Oralee,Philoo,Oralee.Philoo@yopmail.com,Oralee.Philoo@gmail.com,firefighter
125,Selia,Manolo,Selia.Manolo@yopmail.com,Selia.Manolo@gmail.com,worker
126,Willetta,Jaylene,Willetta.Jaylene@yopmail.com,Willetta.Jaylene@gmail.com,firefighter
127,Gavrielle,Ranjiv,Gavrielle.Ranjiv@yopmail.com,Gavrielle.Ranjiv@gmail.com,developer
128,Janis,Reneta,Janis.Reneta@yopmail.com,Janis.Reneta@gmail.com,firefighter
129,Gabi,Saree,Gabi.Saree@yopmail.com,Gabi.Saree@gmail.com,worker
130,Amara,Rogerio,Amara.Rogerio@yopmail.com,Amara.Rogerio@gmail.com,developer
131,Donetta,Wattenberg,Donetta.Wattenberg@yopmail.com,Donetta.Wattenberg@gmail.com,police officer
132,Amalie,Brotherson,Amalie.Brotherson@yopmail.com,Amalie.Brotherson@gmail.com,doctor
133,Jan,Bertold,Jan.Bertold@yopmail.com,Jan.Bertold@gmail.com,police officer
134,Mignon,Ruvolo,Mignon.Ruvolo@yopmail.com,Mignon.Ruvolo@gmail.com,developer
135,Elfreda,Elisha,Elfreda.Elisha@yopmail.com,Elfreda.Elisha@gmail.com,worker
136,Kimberley,Merell,Kimberley.Merell@yopmail.com,Kimberley.Merell@gmail.com,firefighter
137,Cyndie,Felizio,Cyndie.Felizio@yopmail.com,Cyndie.Felizio@gmail.com,firefighter
138,Averyl,Ortrude,Averyl.Ortrude@yopmail.com,Averyl.Ortrude@gmail.com,doctor
139,Alleen,Rocray,Alleen.Rocray@yopmail.com,Alleen.Rocray@gmail.com,worker
140,Delilah,Sheng,Delilah.Sheng@yopmail.com,Delilah.Sheng@gmail.com,police officer
141,Kaja,Buffum,Kaja.Buffum@yopmail.com,Kaja.Buffum@gmail.com,firefighter
142,Penelopa,Weide,Penelopa.Weide@yopmail.com,Penelopa.Weide@gmail.com,firefighter
143,Teriann,Dyche,Teriann.Dyche@yopmail.com,Teriann.Dyche@gmail.com,doctor
144,Karina,Blake,Karina.Blake@yopmail.com,Karina.Blake@gmail.com,doctor
145,Carmencita,Linskey,Carmencita.Linskey@yopmail.com,Carmencita.Linskey@gmail.com,firefighter
146,Shel,Loeb,Shel.Loeb@yopmail.com,Shel.Loeb@gmail.com,developer
147,Jacenta,Jotham,Jacenta.Jotham@yopmail.com,Jacenta.Jotham@gmail.com,developer
148,Zsa Zsa,Sperling,Zsa Zsa.Sperling@yopmail.com,Zsa Zsa.Sperling@gmail.com,firefighter
149,Mariele,McAdams,Mariele.McAdams@yopmail.com,Mariele.McAdams@gmail.com,worker
150,Brena,Berard,Brena.Berard@yopmail.com,Brena.Berard@gmail.com,developer
151,Britte,Sheng,Britte.Sheng@yopmail.com,Britte.Sheng@gmail.com,police officer
152,Lucy,Cohdwell,Lucy.Cohdwell@yopmail.com,Lucy.Cohdwell@gmail.com,worker
153,Elora,Giff,Elora.Giff@yopmail.com,Elora.Giff@gmail.com,doctor
154,Katharina,Dimitris,Katharina.Dimitris@yopmail.com,Katharina.Dimitris@gmail.com,developer
155,Peri,Chick,Peri.Chick@yopmail.com,Peri.Chick@gmail.com,developer
156,Marcy,Calhoun,Marcy.Calhoun@yopmail.com,Marcy.Calhoun@gmail.com,developer
157,Joeann,Brenn,Joeann.Brenn@yopmail.com,Joeann.Brenn@gmail.com,firefighter
158,Ulrike,Jefferey,Ulrike.Jefferey@yopmail.com,Ulrike.Jefferey@gmail.com,police officer
159,Sara-Ann,Gwenore,Sara-Ann.Gwenore@yopmail.com,Sara-Ann.Gwenore@gmail.com,police officer
160,Nickie,Jenness,Nickie.Jenness@yopmail.com,Nickie.Jenness@gmail.com,police officer
161,Kellen,Sophronia,Kellen.Sophronia@yopmail.com,Kellen.Sophronia@gmail.com,worker
162,Charmaine,Gabrielli,Charmaine.Gabrielli@yopmail.com,Charmaine.Gabrielli@gmail.com,developer
163,Dolli,Lacombe,Dolli.Lacombe@yopmail.com,Dolli.Lacombe@gmail.com,firefighter
164,Doro,Bonucci,Doro.Bonucci@yopmail.com,Doro.Bonucci@gmail.com,police officer
165,Allis,Dahlia,Allis.Dahlia@yopmail.com,Allis.Dahlia@gmail.com,doctor
166,Amii,Screens,Amii.Screens@yopmail.com,Amii.Screens@gmail.com,doctor
167,Marcelline,Philipp,Marcelline.Philipp@yopmail.com,Marcelline.Philipp@gmail.com,firefighter
168,Claresta,Redmond,Claresta.Redmond@yopmail.com,Claresta.Redmond@gmail.com,police officer
169,Ninnetta,Israeli,Ninnetta.Israeli@yopmail.com,Ninnetta.Israeli@gmail.com,police officer
170,Libbie,Greyson,Libbie.Greyson@yopmail.com,Libbie.Greyson@gmail.com,police officer
171,Kittie,Zaslow,Kittie.Zaslow@yopmail.com,Kittie.Zaslow@gmail.com,developer
172,Courtnay,Henrie,Courtnay.Henrie@yopmail.com,Courtnay.Henrie@gmail.com,doctor
173,Aili,Urias,Aili.Urias@yopmail.com,Aili.Urias@gmail.com,doctor
174,Averyl,Gibbeon,Averyl.Gibbeon@yopmail.com,Averyl.Gibbeon@gmail.com,police officer
175,Gianina,Jagir,Gianina.Jagir@yopmail.com,Gianina.Jagir@gmail.com,police officer
176,Chere,Wilona,Chere.Wilona@yopmail.com,Chere.Wilona@gmail.com,developer
177,Orsola,Etom,Orsola.Etom@yopmail.com,Orsola.Etom@gmail.com,firefighter
178,Gavrielle,Brian,Gavrielle.Brian@yopmail.com,Gavrielle.Brian@gmail.com,developer
179,Sallie,Baylor,Sallie.Baylor@yopmail.com,Sallie.Baylor@gmail.com,police officer
180,Layla,Gerge,Layla.Gerge@yopmail.com,Layla.Gerge@gmail.com,doctor
181,Tera,Syd,Tera.Syd@yopmail.com,Tera.Syd@gmail.com,doctor
182,Jan,Alexandr,Jan.Alexandr@yopmail.com,Jan.Alexandr@gmail.com,developer
183,Winny,Anselmi,Winny.Anselmi@yopmail.com,Winny.Anselmi@gmail.com,worker
184,Christal,Thad,Christal.Thad@yopmail.com,Christal.Thad@gmail.com,worker
185,Dennie,Erskine,Dennie.Erskine@yopmail.com,Dennie.Erskine@gmail.com,worker
186,Fidelia,Penelopa,Fidelia.Penelopa@yopmail.com,Fidelia.Penelopa@gmail.com,developer
187,Myrtice,Danby,Myrtice.Danby@yopmail.com,Myrtice.Danby@gmail.com,doctor
188,Katuscha,Silvan,Katuscha.Silvan@yopmail.com,Katuscha.Silvan@gmail.com,worker
189,Carree,Hourigan,Carree.Hourigan@yopmail.com,Carree.Hourigan@gmail.com,worker
190,Concettina,Cath,Concettina.Cath@yopmail.com,Concettina.Cath@gmail.com,developer
191,Bibby,Gaynor,Bibby.Gaynor@yopmail.com,Bibby.Gaynor@gmail.com,worker
192,Madelle,Maples,Madelle.Maples@yopmail.com,Madelle.Maples@gmail.com,firefighter
193,Max,Stefa,Max.Stefa@yopmail.com,Max.Stefa@gmail.com,developer
194,Tina,Jotham,Tina.Jotham@yopmail.com,Tina.Jotham@gmail.com,doctor
195,Dale,Bury,Dale.Bury@yopmail.com,Dale.Bury@gmail.com,worker
196,Orelia,Nadia,Orelia.Nadia@yopmail.com,Orelia.Nadia@gmail.com,firefighter
197,Yetty,Katrine,Yetty.Katrine@yopmail.com,Yetty.Katrine@gmail.com,doctor
198,Aili,Bevin,Aili.Bevin@yopmail.com,Aili.Bevin@gmail.com,developer
199,Deedee,Winnick,Deedee.Winnick@yopmail.com,Deedee.Winnick@gmail.com,firefighter
200,Maud,Publia,Maud.Publia@yopmail.com,Maud.Publia@gmail.com,police officer
201,Madalyn,Merat,Madalyn.Merat@yopmail.com,Madalyn.Merat@gmail.com,worker
202,Carolina,Hailee,Carolina.Hailee@yopmail.com,Carolina.Hailee@gmail.com,worker
203,Ruthe,Argus,Ruthe.Argus@yopmail.com,Ruthe.Argus@gmail.com,developer
204,Rori,Cristi,Rori.Cristi@yopmail.com,Rori.Cristi@gmail.com,doctor
205,Lindie,Marijo,Lindie.Marijo@yopmail.com,Lindie.Marijo@gmail.com,doctor
206,Nataline,Grayce,Nataline.Grayce@yopmail.com,Nataline.Grayce@gmail.com,developer
207,Tracey,Lilybelle,Tracey.Lilybelle@yopmail.com,Tracey.Lilybelle@gmail.com,worker
208,Flo,Clie,Flo.Clie@yopmail.com,Flo.Clie@gmail.com,firefighter
209,Myrtice,Sperling,Myrtice.Sperling@yopmail.com,Myrtice.Sperling@gmail.com,firefighter
210,Vita,Baylor,Vita.Baylor@yopmail.com,Vita.Baylor@gmail.com,firefighter
211,Jackie,Eno,Jackie.Eno@yopmail.com,Jackie.Eno@gmail.com,police officer
212,Fina,Stacy,Fina.Stacy@yopmail.com,Fina.Stacy@gmail.com,worker
213,Mignon,Wenoa,Mignon.Wenoa@yopmail.com,Mignon.Wenoa@gmail.com,developer
214,Neila,Zetta,Neila.Zetta@yopmail.com,Neila.Zetta@gmail.com,developer
215,Belva,Behre,Belva.Behre@yopmail.com,Belva.Behre@gmail.com,developer
216,Elise,Kunin,Elise.Kunin@yopmail.com,Elise.Kunin@gmail.com,firefighter
217,Ottilie,Hamil,Ottilie.Hamil@yopmail.com,Ottilie.Hamil@gmail.com,firefighter
218,Patricia,Munn,Patricia.Munn@yopmail.com,Patricia.Munn@gmail.com,doctor
219,Dagmar,Ackerley,Dagmar.Ackerley@yopmail.com,Dagmar.Ackerley@gmail.com,doctor
220,Lacie,Jillane,Lacie.Jillane@yopmail.com,Lacie.Jillane@gmail.com,police officer
221,Penelopa,Bohlin,Penelopa.Bohlin@yopmail.com,Penelopa.Bohlin@gmail.com,developer
222,Brandise,Havens,Brandise.Havens@yopmail.com,Brandise.Havens@gmail.com,police officer
223,Devina,Goldina,Devina.Goldina@yopmail.com,Devina.Goldina@gmail.com,developer
224,Estell,Chaing,Estell.Chaing@yopmail.com,Estell.Chaing@gmail.com,developer
225,Karolina,Shelba,Karolina.Shelba@yopmail.com,Karolina.Shelba@gmail.com,firefighter
226,Averyl,Peg,Averyl.Peg@yopmail.com,Averyl.Peg@gmail.com,developer
227,Belinda,Urias,Belinda.Urias@yopmail.com,Belinda.Urias@gmail.com,worker
228,Sybille,Carleen,Sybille.Carleen@yopmail.com,Sybille.Carleen@gmail.com,police officer
229,Stevana,Gilmour,Stevana.Gilmour@yopmail.com,Stevana.Gilmour@gmail.com,firefighter
230,Vanessa,Kathie,Vanessa.Kathie@yopmail.com,Vanessa.Kathie@gmail.com,worker
231,Sissy,Jena,Sissy.Jena@yopmail.com,Sissy.Jena@gmail.com,developer
232,Danika,Alarise,Danika.Alarise@yopmail.com,Danika.Alarise@gmail.com,developer
233,Evita,Ochs,Evita.Ochs@yopmail.com,Evita.Ochs@gmail.com,worker
234,Loree,Smitt,Loree.Smitt@yopmail.com,Loree.Smitt@gmail.com,police officer
235,Joelly,Raimondo,Joelly.Raimondo@yopmail.com,Joelly.Raimondo@gmail.com,worker
236,Renie,Rillings,Renie.Rillings@yopmail.com,Renie.Rillings@gmail.com,police officer
237,Aaren,Dielu,Aaren.Dielu@yopmail.com,Aaren.Dielu@gmail.com,worker
238,Vevay,Danby,Vevay.Danby@yopmail.com,Vevay.Danby@gmail.com,police officer
239,Katuscha,Allare,Katuscha.Allare@yopmail.com,Katuscha.Allare@gmail.com,worker
240,Kirbee,Harl,Kirbee.Harl@yopmail.com,Kirbee.Harl@gmail.com,police officer
241,Keelia,Millda,Keelia.Millda@yopmail.com,Keelia.Millda@gmail.com,developer
242,Anallese,Sprage,Anallese.Sprage@yopmail.com,Anallese.Sprage@gmail.com,police officer
243,June,Hillel,June.Hillel@yopmail.com,June.Hillel@gmail.com,police officer
244,Corene,Celestine,Corene.Celestine@yopmail.com,Corene.Celestine@gmail.com,developer
245,Cherilyn,Keily,Cherilyn.Keily@yopmail.com,Cherilyn.Keily@gmail.com,police officer
246,Bobinette,Corabella,Bobinette.Corabella@yopmail.com,Bobinette.Corabella@gmail.com,doctor
247,Stacey,Thema,Stacey.Thema@yopmail.com,Stacey.Thema@gmail.com,worker
248,Caryl,Ashely,Caryl.Ashely@yopmail.com,Caryl.Ashely@gmail.com,developer
249,Ebonee,Jammal,Ebonee.Jammal@yopmail.com,Ebonee.Jammal@gmail.com,firefighter
250,Talya,Roche,Talya.Roche@yopmail.com,Talya.Roche@gmail.com,developer
251,Lanae,Ashely,Lanae.Ashely@yopmail.com,Lanae.Ashely@gmail.com,firefighter
252,Johna,Stefa,Johna.Stefa@yopmail.com,Johna.Stefa@gmail.com,firefighter
253,Andree,Borrell,Andree.Borrell@yopmail.com,Andree.Borrell@gmail.com,developer
254,Brana,Yuille,Brana.Yuille@yopmail.com,Brana.Yuille@gmail.com,firefighter
255,Allis,Revkah,Allis.Revkah@yopmail.com,Allis.Revkah@gmail.com,developer
256,Lynde,Millda,Lynde.Millda@yopmail.com,Lynde.Millda@gmail.com,police officer
257,Stephanie,Kristi,Stephanie.Kristi@yopmail.com,Stephanie.Kristi@gmail.com,police officer
258,Zaria,Frodi,Zaria.Frodi@yopmail.com,Zaria.Frodi@gmail.com,worker
259,Dagmar,Olnee,Dagmar.Olnee@yopmail.com,Dagmar.Olnee@gmail.com,worker
260,Deloria,Pernick,Deloria.Pernick@yopmail.com,Deloria.Pernick@gmail.com,police officer
261,Lorie,Means,Lorie.Means@yopmail.com,Lorie.Means@gmail.com,police officer
262,Ida,Waldron,Ida.Waldron@yopmail.com,Ida.Waldron@gmail.com,doctor
263,Hildegaard,Kolnick,Hildegaard.Kolnick@yopmail.com,Hildegaard.Kolnick@gmail.com,firefighter
264,Agathe,Haldas,Agathe.Haldas@yopmail.com,Agathe.Haldas@gmail.com,worker
265,Lily,Torray,Lily.Torray@yopmail.com,Lily.Torray@gmail.com,firefighter
266,Dawn,Johnsson,Dawn.Johnsson@yopmail.com,Dawn.Johnsson@gmail.com,doctor
267,Yvonne,Nester,Yvonne.Nester@yopmail.com,Yvonne.Nester@gmail.com,firefighter
268,Maye,Beebe,Maye.Beebe@yopmail.com,Maye.Beebe@gmail.com,worker
269,Roslyn,Drus,Roslyn.Drus@yopmail.com,Roslyn.Drus@gmail.com,firefighter
270,Tomasina,Cavan,Tomasina.Cavan@yopmail.com,Tomasina.Cavan@gmail.com,worker
271,Gerrie,Hepsibah,Gerrie.Hepsibah@yopmail.com,Gerrie.Hepsibah@gmail.com,doctor
272,Lauryn,Sammons,Lauryn.Sammons@yopmail.com,Lauryn.Sammons@gmail.com,developer
273,Esmeralda,Timon,Esmeralda.Timon@yopmail.com,Esmeralda.Timon@gmail.com,worker
274,Courtnay,Corrine,Courtnay.Corrine@yopmail.com,Courtnay.Corrine@gmail.com,firefighter
275,Amii,Vins,Amii.Vins@yopmail.com,Amii.Vins@gmail.com,developer
276,Janeczka,Yorick,Janeczka.Yorick@yopmail.com,Janeczka.Yorick@gmail.com,developer
277,Vinita,Sabella,Vinita.Sabella@yopmail.com,Vinita.Sabella@gmail.com,police officer
278,Codie,Flyn,Codie.Flyn@yopmail.com,Codie.Flyn@gmail.com,firefighter
279,Jorry,Loring,Jorry.Loring@yopmail.com,Jorry.Loring@gmail.com,police officer
280,Emilia,Corabella,Emilia.Corabella@yopmail.com,Emilia.Corabella@gmail.com,developer
281,Nollie,Dash,Nollie.Dash@yopmail.com,Nollie.Dash@gmail.com,developer
282,Rivalee,Paton,Rivalee.Paton@yopmail.com,Rivalee.Paton@gmail.com,doctor
283,Magdalena,Clarissa,Magdalena.Clarissa@yopmail.com,Magdalena.Clarissa@gmail.com,firefighter
284,Kamilah,Hepsibah,Kamilah.Hepsibah@yopmail.com,Kamilah.Hepsibah@gmail.com,developer
285,Olwen,Anastatius,Olwen.Anastatius@yopmail.com,Olwen.Anastatius@gmail.com,firefighter
286,Lynea,Tybald,Lynea.Tybald@yopmail.com,Lynea.Tybald@gmail.com,firefighter
287,Carolina,MacIntosh,Carolina.MacIntosh@yopmail.com,Carolina.MacIntosh@gmail.com,police officer
288,Jordan,Eckblad,Jordan.Eckblad@yopmail.com,Jordan.Eckblad@gmail.com,developer
289,Helsa,Flita,Helsa.Flita@yopmail.com,Helsa.Flita@gmail.com,developer
290,Taffy,Wyn,Taffy.Wyn@yopmail.com,Taffy.Wyn@gmail.com,police officer
291,Lisette,Masao,Lisette.Masao@yopmail.com,Lisette.Masao@gmail.com,worker
292,Rivalee,Trinetta,Rivalee.Trinetta@yopmail.com,Rivalee.Trinetta@gmail.com,doctor
293,Rebeca,Yorick,Rebeca.Yorick@yopmail.com,Rebeca.Yorick@gmail.com,doctor
294,Livvyy,Karna,Livvyy.Karna@yopmail.com,Livvyy.Karna@gmail.com,worker
295,Mellicent,Ardeha,Mellicent.Ardeha@yopmail.com,Mellicent.Ardeha@gmail.com,doctor
296,Christy,Margarete,Christy.Margarete@yopmail.com,Christy.Margarete@gmail.com,developer
297,Kristan,Penelopa,Kristan.Penelopa@yopmail.com,Kristan.Penelopa@gmail.com,worker
298,Catharine,Zola,Catharine.Zola@yopmail.com,Catharine.Zola@gmail.com,worker
299,Gilligan,Elvyn,Gilligan.Elvyn@yopmail.com,Gilligan.Elvyn@gmail.com,developer
300,Lonnie,Nadia,Lonnie.Nadia@yopmail.com,Lonnie.Nadia@gmail.com,doctor
301,Fina,Morehouse,Fina.Morehouse@yopmail.com,Fina.Morehouse@gmail.com,police officer
302,Coral,Riva,Coral.Riva@yopmail.com,Coral.Riva@gmail.com,police officer
303,Benita,Travax,Benita.Travax@yopmail.com,Benita.Travax@gmail.com,doctor
304,Jacquetta,Genna,Jacquetta.Genna@yopmail.com,Jacquetta.Genna@gmail.com,firefighter
305,Edyth,Vale,Edyth.Vale@yopmail.com,Edyth.Vale@gmail.com,developer
306,Kirstin,Wandie,Kirstin.Wandie@yopmail.com,Kirstin.Wandie@gmail.com,worker
307,Paola,Bryna,Paola.Bryna@yopmail.com,Paola.Bryna@gmail.com,police officer
308,Krystle,Douglass,Krystle.Douglass@yopmail.com,Krystle.Douglass@gmail.com,doctor
309,Gianina,Jillane,Gianina.Jillane@yopmail.com,Gianina.Jillane@gmail.com,police officer
310,Xylina,Hathaway,Xylina.Hathaway@yopmail.com,Xylina.Hathaway@gmail.com,doctor
311,Brianna,Alarise,Brianna.Alarise@yopmail.com,Brianna.Alarise@gmail.com,worker
312,Katuscha,Gino,Katuscha.Gino@yopmail.com,Katuscha.Gino@gmail.com,developer
313,Willetta,Revkah,Willetta.Revkah@yopmail.com,Willetta.Revkah@gmail.com,doctor
314,Shaine,Lay,Shaine.Lay@yopmail.com,Shaine.Lay@gmail.com,firefighter
315,Melodie,Fadiman,Melodie.Fadiman@yopmail.com,Melodie.Fadiman@gmail.com,police officer
316,Gerrie,Turne,Gerrie.Turne@yopmail.com,Gerrie.Turne@gmail.com,doctor
317,Silvana,Joeann,Silvana.Joeann@yopmail.com,Silvana.Joeann@gmail.com,doctor
318,Shell,Radu,Shell.Radu@yopmail.com,Shell.Radu@gmail.com,worker
319,Tressa,Verger,Tressa.Verger@yopmail.com,Tressa.Verger@gmail.com,firefighter
320,Sara-Ann,Solitta,Sara-Ann.Solitta@yopmail.com,Sara-Ann.Solitta@gmail.com,firefighter
321,Phylis,Hillel,Phylis.Hillel@yopmail.com,Phylis.Hillel@gmail.com,developer
322,Marcy,Chrystel,Marcy.Chrystel@yopmail.com,Marcy.Chrystel@gmail.com,firefighter
323,Gloria,Lipson,Gloria.Lipson@yopmail.com,Gloria.Lipson@gmail.com,worker
324,Joane,Iphlgenia,Joane.Iphlgenia@yopmail.com,Joane.Iphlgenia@gmail.com,developer
325,Amara,Ventre,Amara.Ventre@yopmail.com,Amara.Ventre@gmail.com,firefighter
326,Alisha,Baylor,Alisha.Baylor@yopmail.com,Alisha.Baylor@gmail.com,developer
327,Dode,Grobe,Dode.Grobe@yopmail.com,Dode.Grobe@gmail.com,developer
328,Coral,Dannye,Coral.Dannye@yopmail.com,Coral.Dannye@gmail.com,developer
329,Pearline,Gaspard,Pearline.Gaspard@yopmail.com,Pearline.Gaspard@gmail.com,doctor
330,Nicoli,Arley,Nicoli.Arley@yopmail.com,Nicoli.Arley@gmail.com,police officer
331,Malina,Kauppi,Malina.Kauppi@yopmail.com,Malina.Kauppi@gmail.com,developer
332,Rebeca,Winnick,Rebeca.Winnick@yopmail.com,Rebeca.Winnick@gmail.com,worker
333,Taffy,Eugenia,Taffy.Eugenia@yopmail.com,Taffy.Eugenia@gmail.com,doctor
334,Aeriela,Cleo,Aeriela.Cleo@yopmail.com,Aeriela.Cleo@gmail.com,worker
335,Juliane,Talia,Juliane.Talia@yopmail.com,Juliane.Talia@gmail.com,police officer
336,Atlanta,An,Atlanta.An@yopmail.com,Atlanta.An@gmail.com,police officer
337,Lesly,Zitvaa,Lesly.Zitvaa@yopmail.com,Lesly.Zitvaa@gmail.com,worker
338,Rochette,Dulciana,Rochette.Dulciana@yopmail.com,Rochette.Dulciana@gmail.com,police officer
339,Ira,Toor,Ira.Toor@yopmail.com,Ira.Toor@gmail.com,firefighter
340,Audrie,Cutlerr,Audrie.Cutlerr@yopmail.com,Audrie.Cutlerr@gmail.com,firefighter
341,Zondra,Chapland,Zondra.Chapland@yopmail.com,Zondra.Chapland@gmail.com,firefighter
342,Cacilie,Florina,Cacilie.Florina@yopmail.com,Cacilie.Florina@gmail.com,firefighter
343,Carlie,Yuille,Carlie.Yuille@yopmail.com,Carlie.Yuille@gmail.com,worker
344,Meg,Laverne,Meg.Laverne@yopmail.com,Meg.Laverne@gmail.com,worker
345,Ivett,Lamoree,Ivett.Lamoree@yopmail.com,Ivett.Lamoree@gmail.com,firefighter
346,Gretal,Lorain,Gretal.Lorain@yopmail.com,Gretal.Lorain@gmail.com,police officer
347,Cassondra,Rocray,Cassondra.Rocray@yopmail.com,Cassondra.Rocray@gmail.com,firefighter
348,Cristine,Peti,Cristine.Peti@yopmail.com,Cristine.Peti@gmail.com,doctor
349,Joleen,Bury,Joleen.Bury@yopmail.com,Joleen.Bury@gmail.com,doctor
350,Dagmar,Cottle,Dagmar.Cottle@yopmail.com,Dagmar.Cottle@gmail.com,doctor
351,Amii,Tillford,Amii.Tillford@yopmail.com,Amii.Tillford@gmail.com,developer
352,Nerta,Nisbet,Nerta.Nisbet@yopmail.com,Nerta.Nisbet@gmail.com,developer
353,Jany,Magdalen,Jany.Magdalen@yopmail.com,Jany.Magdalen@gmail.com,developer
354,Meg,Annabella,Meg.Annabella@yopmail.com,Meg.Annabella@gmail.com,worker
355,Harrietta,Thema,Harrietta.Thema@yopmail.com,Harrietta.Thema@gmail.com,worker
356,Jacenta,Cassius,Jacenta.Cassius@yopmail.com,Jacenta.Cassius@gmail.com,police officer
357,Roslyn,Adamsen,Roslyn.Adamsen@yopmail.com,Roslyn.Adamsen@gmail.com,police officer
358,Cherilyn,Valerio,Cherilyn.Valerio@yopmail.com,Cherilyn.Valerio@gmail.com,developer
359,Elie,Himelman,Elie.Himelman@yopmail.com,Elie.Himelman@gmail.com,police officer
360,Kore,Letsou,Kore.Letsou@yopmail.com,Kore.Letsou@gmail.com,doctor
361,Renie,Laverne,Renie.Laverne@yopmail.com,Renie.Laverne@gmail.com,worker
362,Corina,Dash,Corina.Dash@yopmail.com,Corina.Dash@gmail.com,doctor
363,Emma,Hewitt,Emma.Hewitt@yopmail.com,Emma.Hewitt@gmail.com,doctor
364,Jaime,Bluh,Jaime.Bluh@yopmail.com,Jaime.Bluh@gmail.com,worker
365,Gusella,Delila,Gusella.Delila@yopmail.com,Gusella.Delila@gmail.com,police officer
366,Beth,Ciro,Beth.Ciro@yopmail.com,Beth.Ciro@gmail.com,worker
367,Paule,Richers,Paule.Richers@yopmail.com,Paule.Richers@gmail.com,firefighter
368,Angela,Chobot,Angela.Chobot@yopmail.com,Angela.Chobot@gmail.com,worker
369,Marinna,Pearse,Marinna.Pearse@yopmail.com,Marinna.Pearse@gmail.com,firefighter
370,Lucille,Kristi,Lucille.Kristi@yopmail.com,Lucille.Kristi@gmail.com,developer
371,Chandra,Faso,Chandra.Faso@yopmail.com,Chandra.Faso@gmail.com,worker
372,Kimberley,Kravits,Kimberley.Kravits@yopmail.com,Kimberley.Kravits@gmail.com,developer
373,Daphne,Clara,Daphne.Clara@yopmail.com,Daphne.Clara@gmail.com,firefighter
374,Lusa,Magnolia,Lusa.Magnolia@yopmail.com,Lusa.Magnolia@gmail.com,doctor
375,Angelique,Ivens,Angelique.Ivens@yopmail.com,Angelique.Ivens@gmail.com,doctor
376,Cherrita,Boehike,Cherrita.Boehike@yopmail.com,Cherrita.Boehike@gmail.com,developer
377,Doro,Toni,Doro.Toni@yopmail.com,Doro.Toni@gmail.com,police officer
378,Briney,Dominy,Briney.Dominy@yopmail.com,Briney.Dominy@gmail.com,developer
379,Gretal,Hermes,Gretal.Hermes@yopmail.com,Gretal.Hermes@gmail.com,worker
380,Netty,Masao,Netty.Masao@yopmail.com,Netty.Masao@gmail.com,developer
381,Ingrid,Kauppi,Ingrid.Kauppi@yopmail.com,Ingrid.Kauppi@gmail.com,developer
382,Merry,Kelula,Merry.Kelula@yopmail.com,Merry.Kelula@gmail.com,developer
383,Teriann,Evvie,Teriann.Evvie@yopmail.com,Teriann.Evvie@gmail.com,developer
384,Libbie,Maxi,Libbie.Maxi@yopmail.com,Libbie.Maxi@gmail.com,developer
385,Gabriellia,Solitta,Gabriellia.Solitta@yopmail.com,Gabriellia.Solitta@gmail.com,firefighter
386,Myriam,Ailyn,Myriam.Ailyn@yopmail.com,Myriam.Ailyn@gmail.com,worker
387,Rivalee,Lilas,Rivalee.Lilas@yopmail.com,Rivalee.Lilas@gmail.com,doctor
388,Sissy,Waldron,Sissy.Waldron@yopmail.com,Sissy.Waldron@gmail.com,developer
389,Ardys,Bashemeth,Ardys.Bashemeth@yopmail.com,Ardys.Bashemeth@gmail.com,police officer
390,Loree,Jarib,Loree.Jarib@yopmail.com,Loree.Jarib@gmail.com,worker
391,Tamqrah,Meli,Tamqrah.Meli@yopmail.com,Tamqrah.Meli@gmail.com,worker
392,Molli,Alarise,Molli.Alarise@yopmail.com,Molli.Alarise@gmail.com,police officer
393,Eadie,Christine,Eadie.Christine@yopmail.com,Eadie.Christine@gmail.com,worker
394,Paule,Norrie,Paule.Norrie@yopmail.com,Paule.Norrie@gmail.com,doctor
395,Alleen,Atcliffe,Alleen.Atcliffe@yopmail.com,Alleen.Atcliffe@gmail.com,police officer
396,Jacenta,Daveta,Jacenta.Daveta@yopmail.com,Jacenta.Daveta@gmail.com,worker
397,Cherrita,Bergman,Cherrita.Bergman@yopmail.com,Cherrita.Bergman@gmail.com,worker
398,Katharina,Laverne,Katharina.Laverne@yopmail.com,Katharina.Laverne@gmail.com,developer
399,Lorne,Heisel,Lorne.Heisel@yopmail.com,Lorne.Heisel@gmail.com,developer
400,Nananne,Rona,Nananne.Rona@yopmail.com,Nananne.Rona@gmail.com,doctor
401,Kara-Lynn,Bibi,Kara-Lynn.Bibi@yopmail.com,Kara-Lynn.Bibi@gmail.com,firefighter
402,Roseline,Huggins,Roseline.Huggins@yopmail.com,Roseline.Huggins@gmail.com,developer
403,Leanna,Sprage,Leanna.Sprage@yopmail.com,Leanna.Sprage@gmail.com,doctor
404,Tierney,Hertzfeld,Tierney.Hertzfeld@yopmail.com,Tierney.Hertzfeld@gmail.com,firefighter
405,Jessy,Madox,Jessy.Madox@yopmail.com,Jessy.Madox@gmail.com,firefighter
406,Pearline,Joni,Pearline.Joni@yopmail.com,Pearline.Joni@gmail.com,developer
407,Lanna,Fillbert,Lanna.Fillbert@yopmail.com,Lanna.Fillbert@gmail.com,worker
408,Alex,Borrell,Alex.Borrell@yopmail.com,Alex.Borrell@gmail.com,doctor
409,Jessamyn,Pattin,Jessamyn.Pattin@yopmail.com,Jessamyn.Pattin@gmail.com,developer
410,Estell,Millda,Estell.Millda@yopmail.com,Estell.Millda@gmail.com,doctor
411,Dianemarie,Harl,Dianemarie.Harl@yopmail.com,Dianemarie.Harl@gmail.com,firefighter
412,Sophia,Joseph,Sophia.Joseph@yopmail.com,Sophia.Joseph@gmail.com,doctor
413,Blinni,McClimans,Blinni.McClimans@yopmail.com,Blinni.McClimans@gmail.com,developer
414,Leeanne,Waite,Leeanne.Waite@yopmail.com,Leeanne.Waite@gmail.com,police officer
415,Evaleen,Skurnik,Evaleen.Skurnik@yopmail.com,Evaleen.Skurnik@gmail.com,doctor
416,Caritta,Woodberry,Caritta.Woodberry@yopmail.com,Caritta.Woodberry@gmail.com,developer
417,Tobe,Matthew,Tobe.Matthew@yopmail.com,Tobe.Matthew@gmail.com,developer
418,Noelle,Blisse,Noelle.Blisse@yopmail.com,Noelle.Blisse@gmail.com,doctor
419,Ketti,Fink,Ketti.Fink@yopmail.com,Ketti.Fink@gmail.com,doctor
420,Aili,Alcott,Aili.Alcott@yopmail.com,Aili.Alcott@gmail.com,worker
421,Chloris,Stuart,Chloris.Stuart@yopmail.com,Chloris.Stuart@gmail.com,developer
422,Mireielle,Greyson,Mireielle.Greyson@yopmail.com,Mireielle.Greyson@gmail.com,police officer
423,Flory,Allys,Flory.Allys@yopmail.com,Flory.Allys@gmail.com,police officer
424,Catrina,Terencio,Catrina.Terencio@yopmail.com,Catrina.Terencio@gmail.com,doctor
425,Kristan,Brotherson,Kristan.Brotherson@yopmail.com,Kristan.Brotherson@gmail.com,police officer
426,Adriana,Arathorn,Adriana.Arathorn@yopmail.com,Adriana.Arathorn@gmail.com,firefighter
427,Tobe,Vale,Tobe.Vale@yopmail.com,Tobe.Vale@gmail.com,worker
428,Kary,Douglass,Kary.Douglass@yopmail.com,Kary.Douglass@gmail.com,police officer
429,Aili,Manolo,Aili.Manolo@yopmail.com,Aili.Manolo@gmail.com,worker
430,Consuela,Caitlin,Consuela.Caitlin@yopmail.com,Consuela.Caitlin@gmail.com,developer
431,Adore,Barrus,Adore.Barrus@yopmail.com,Adore.Barrus@gmail.com,firefighter
432,Blinni,Wilkinson,Blinni.Wilkinson@yopmail.com,Blinni.Wilkinson@gmail.com,police officer
433,Brietta,Sprage,Brietta.Sprage@yopmail.com,Brietta.Sprage@gmail.com,firefighter
434,Albertina,Sheedy,Albertina.Sheedy@yopmail.com,Albertina.Sheedy@gmail.com,police officer
435,Gerrie,Tamar,Gerrie.Tamar@yopmail.com,Gerrie.Tamar@gmail.com,firefighter
436,Stevana,Suzetta,Stevana.Suzetta@yopmail.com,Stevana.Suzetta@gmail.com,firefighter
437,Nadine,Hourigan,Nadine.Hourigan@yopmail.com,Nadine.Hourigan@gmail.com,worker
438,Bettine,Tengdin,Bettine.Tengdin@yopmail.com,Bettine.Tengdin@gmail.com,firefighter
439,Chere,Lewes,Chere.Lewes@yopmail.com,Chere.Lewes@gmail.com,police officer
440,Halette,Luhe,Halette.Luhe@yopmail.com,Halette.Luhe@gmail.com,firefighter
441,Roberta,Buckler,Roberta.Buckler@yopmail.com,Roberta.Buckler@gmail.com,doctor
442,Linet,Lasley,Linet.Lasley@yopmail.com,Linet.Lasley@gmail.com,police officer
443,Emma,Meli,Emma.Meli@yopmail.com,Emma.Meli@gmail.com,worker
444,Kathy,Egbert,Kathy.Egbert@yopmail.com,Kathy.Egbert@gmail.com,developer
445,Korrie,Bow,Korrie.Bow@yopmail.com,Korrie.Bow@gmail.com,doctor
446,Blondelle,Gower,Blondelle.Gower@yopmail.com,Blondelle.Gower@gmail.com,doctor
447,Livvyy,Neils,Livvyy.Neils@yopmail.com,Livvyy.Neils@gmail.com,worker
448,Jere,Zeeba,Jere.Zeeba@yopmail.com,Jere.Zeeba@gmail.com,doctor
449,Melanie,Buffum,Melanie.Buffum@yopmail.com,Melanie.Buffum@gmail.com,worker
450,Ernesta,Bashemeth,Ernesta.Bashemeth@yopmail.com,Ernesta.Bashemeth@gmail.com,developer
451,Feliza,Erminia,Feliza.Erminia@yopmail.com,Feliza.Erminia@gmail.com,firefighter
452,Randa,Holtz,Randa.Holtz@yopmail.com,Randa.Holtz@gmail.com,police officer
453,Consuela,Gino,Consuela.Gino@yopmail.com,Consuela.Gino@gmail.com,developer
454,Goldie,Darian,Goldie.Darian@yopmail.com,Goldie.Darian@gmail.com,firefighter
455,Marsiella,Dearborn,Marsiella.Dearborn@yopmail.com,Marsiella.Dearborn@gmail.com,police officer
456,Mellicent,Evvie,Mellicent.Evvie@yopmail.com,Mellicent.Evvie@gmail.com,doctor
457,Jsandye,Vins,Jsandye.Vins@yopmail.com,Jsandye.Vins@gmail.com,developer
458,Kial,Rona,Kial.Rona@yopmail.com,Kial.Rona@gmail.com,worker
459,Paola,Gert,Paola.Gert@yopmail.com,Paola.Gert@gmail.com,developer
460,Brandise,Merriott,Brandise.Merriott@yopmail.com,Brandise.Merriott@gmail.com,developer
461,Valli,Bearnard,Valli.Bearnard@yopmail.com,Valli.Bearnard@gmail.com,police officer
462,Vanessa,Emmaline,Vanessa.Emmaline@yopmail.com,Vanessa.Emmaline@gmail.com,worker
463,Amii,Pitt,Amii.Pitt@yopmail.com,Amii.Pitt@gmail.com,worker
464,Brena,Kenney,Brena.Kenney@yopmail.com,Brena.Kenney@gmail.com,firefighter
465,Edee,Rheingold,Edee.Rheingold@yopmail.com,Edee.Rheingold@gmail.com,worker
466,Alejandra,Mallon,Alejandra.Mallon@yopmail.com,Alejandra.Mallon@gmail.com,worker
467,Vanessa,Charity,Vanessa.Charity@yopmail.com,Vanessa.Charity@gmail.com,firefighter
468,Cathie,Berl,Cathie.Berl@yopmail.com,Cathie.Berl@gmail.com,doctor
469,Nadine,Ader,Nadine.Ader@yopmail.com,Nadine.Ader@gmail.com,developer
470,Danika,Hieronymus,Danika.Hieronymus@yopmail.com,Danika.Hieronymus@gmail.com,firefighter
471,Mahalia,Elbertina,Mahalia.Elbertina@yopmail.com,Mahalia.Elbertina@gmail.com,worker
472,Belva,Donoghue,Belva.Donoghue@yopmail.com,Belva.Donoghue@gmail.com,doctor
473,Layla,Sammons,Layla.Sammons@yopmail.com,Layla.Sammons@gmail.com,developer
474,Jan,Ackerley,Jan.Ackerley@yopmail.com,Jan.Ackerley@gmail.com,firefighter
475,Modestia,Brotherson,Modestia.Brotherson@yopmail.com,Modestia.Brotherson@gmail.com,firefighter
476,Laurene,Zaslow,Laurene.Zaslow@yopmail.com,Laurene.Zaslow@gmail.com,developer
477,Rhoda,Primalia,Rhoda.Primalia@yopmail.com,Rhoda.Primalia@gmail.com,developer
478,Caressa,Pearse,Caressa.Pearse@yopmail.com,Caressa.Pearse@gmail.com,firefighter
479,Sheelagh,Tound,Sheelagh.Tound@yopmail.com,Sheelagh.Tound@gmail.com,police officer
480,Augustine,Lytton,Augustine.Lytton@yopmail.com,Augustine.Lytton@gmail.com,doctor
481,Sue,Hilbert,Sue.Hilbert@yopmail.com,Sue.Hilbert@gmail.com,firefighter
482,Albertina,Gladstone,Albertina.Gladstone@yopmail.com,Albertina.Gladstone@gmail.com,police officer
483,Karly,Tacye,Karly.Tacye@yopmail.com,Karly.Tacye@gmail.com,firefighter
484,Cam,Berard,Cam.Berard@yopmail.com,Cam.Berard@gmail.com,developer
485,Melina,LaRue,Melina.LaRue@yopmail.com,Melina.LaRue@gmail.com,developer
486,Tomasina,Elisha,Tomasina.Elisha@yopmail.com,Tomasina.Elisha@gmail.com,police officer
487,Gianina,Means,Gianina.Means@yopmail.com,Gianina.Means@gmail.com,doctor
488,Cam,Christal,Cam.Christal@yopmail.com,Cam.Christal@gmail.com,police officer
489,Delilah,Skell,Delilah.Skell@yopmail.com,Delilah.Skell@gmail.com,firefighter
490,Heida,Burkle,Heida.Burkle@yopmail.com,Heida.Burkle@gmail.com,developer
491,Vinita,Ricarda,Vinita.Ricarda@yopmail.com,Vinita.Ricarda@gmail.com,police officer
492,Dode,Zamora,Dode.Zamora@yopmail.com,Dode.Zamora@gmail.com,doctor
493,Dulce,Bari,Dulce.Bari@yopmail.com,Dulce.Bari@gmail.com,firefighter
494,Tarra,Henebry,Tarra.Henebry@yopmail.com,Tarra.Henebry@gmail.com,doctor
495,Shell,Zina,Shell.Zina@yopmail.com,Shell.Zina@gmail.com,worker
496,Ottilie,Prouty,Ottilie.Prouty@yopmail.com,Ottilie.Prouty@gmail.com,worker
497,Carol-Jean,Lewes,Carol-Jean.Lewes@yopmail.com,Carol-Jean.Lewes@gmail.com,police officer
498,Ellette,Cath,Ellette.Cath@yopmail.com,Ellette.Cath@gmail.com,worker
499,Ginnie,Alisia,Ginnie.Alisia@yopmail.com,Ginnie.Alisia@gmail.com,developer
500,Evita,Nance,Evita.Nance@yopmail.com,Evita.Nance@gmail.com,worker
501,Gusella,Randene,Gusella.Randene@yopmail.com,Gusella.Randene@gmail.com,police officer
502,Drucie,Lemuela,Drucie.Lemuela@yopmail.com,Drucie.Lemuela@gmail.com,worker
503,Gui,Frodi,Gui.Frodi@yopmail.com,Gui.Frodi@gmail.com,worker
504,Lorie,Chauncey,Lorie.Chauncey@yopmail.com,Lorie.Chauncey@gmail.com,developer
505,Magdalena,Artie,Magdalena.Artie@yopmail.com,Magdalena.Artie@gmail.com,developer
506,Cherilyn,Tristram,Cherilyn.Tristram@yopmail.com,Cherilyn.Tristram@gmail.com,worker
507,Raquela,Herrera,Raquela.Herrera@yopmail.com,Raquela.Herrera@gmail.com,firefighter
508,Susette,Tayib,Susette.Tayib@yopmail.com,Susette.Tayib@gmail.com,firefighter
509,Dorothy,Tremayne,Dorothy.Tremayne@yopmail.com,Dorothy.Tremayne@gmail.com,doctor
510,Kayla,Justinn,Kayla.Justinn@yopmail.com,Kayla.Justinn@gmail.com,police officer
511,Calla,Payson,Calla.Payson@yopmail.com,Calla.Payson@gmail.com,developer
512,Gaylene,Behre,Gaylene.Behre@yopmail.com,Gaylene.Behre@gmail.com,doctor
513,Ethel,Lea,Ethel.Lea@yopmail.com,Ethel.Lea@gmail.com,police officer
514,Glenda,Billye,Glenda.Billye@yopmail.com,Glenda.Billye@gmail.com,firefighter
515,Sabina,Fry,Sabina.Fry@yopmail.com,Sabina.Fry@gmail.com,police officer
516,Kamilah,Othilia,Kamilah.Othilia@yopmail.com,Kamilah.Othilia@gmail.com,police officer
517,Bobbi,Behre,Bobbi.Behre@yopmail.com,Bobbi.Behre@gmail.com,doctor
518,Aurelie,Neva,Aurelie.Neva@yopmail.com,Aurelie.Neva@gmail.com,doctor
519,Tamqrah,Bartlett,Tamqrah.Bartlett@yopmail.com,Tamqrah.Bartlett@gmail.com,developer
520,Gabi,Ovid,Gabi.Ovid@yopmail.com,Gabi.Ovid@gmail.com,firefighter
521,Magdalena,Hanleigh,Magdalena.Hanleigh@yopmail.com,Magdalena.Hanleigh@gmail.com,doctor
522,Jsandye,Cecile,Jsandye.Cecile@yopmail.com,Jsandye.Cecile@gmail.com,police officer
523,Dyann,Cimbura,Dyann.Cimbura@yopmail.com,Dyann.Cimbura@gmail.com,worker
524,Raina,Rustice,Raina.Rustice@yopmail.com,Raina.Rustice@gmail.com,doctor
525,Barbi,Katrine,Barbi.Katrine@yopmail.com,Barbi.Katrine@gmail.com,worker
526,Althea,Taima,Althea.Taima@yopmail.com,Althea.Taima@gmail.com,firefighter
527,Gale,Merna,Gale.Merna@yopmail.com,Gale.Merna@gmail.com,firefighter
528,Mildrid,Deegan,Mildrid.Deegan@yopmail.com,Mildrid.Deegan@gmail.com,firefighter
529,Tressa,Tryck,Tressa.Tryck@yopmail.com,Tressa.Tryck@gmail.com,firefighter
530,Juliane,Fink,Juliane.Fink@yopmail.com,Juliane.Fink@gmail.com,developer
531,Binny,Papageno,Binny.Papageno@yopmail.com,Binny.Papageno@gmail.com,developer
532,Natka,Pelagias,Natka.Pelagias@yopmail.com,Natka.Pelagias@gmail.com,police officer
533,Charissa,Tacye,Charissa.Tacye@yopmail.com,Charissa.Tacye@gmail.com,worker
534,Georgina,Millda,Georgina.Millda@yopmail.com,Georgina.Millda@gmail.com,doctor
535,Tracey,Glovsky,Tracey.Glovsky@yopmail.com,Tracey.Glovsky@gmail.com,developer
536,Jerry,Goerke,Jerry.Goerke@yopmail.com,Jerry.Goerke@gmail.com,worker
537,Lexine,Liva,Lexine.Liva@yopmail.com,Lexine.Liva@gmail.com,doctor
538,Nananne,Braun,Nananne.Braun@yopmail.com,Nananne.Braun@gmail.com,firefighter
539,Tani,Millda,Tani.Millda@yopmail.com,Tani.Millda@gmail.com,police officer
540,Cassandra,Thornburg,Cassandra.Thornburg@yopmail.com,Cassandra.Thornburg@gmail.com,police officer
541,Harrietta,Fillbert,Harrietta.Fillbert@yopmail.com,Harrietta.Fillbert@gmail.com,doctor
542,Linzy,Leonard,Linzy.Leonard@yopmail.com,Linzy.Leonard@gmail.com,police officer
543,Gusella,Toor,Gusella.Toor@yopmail.com,Gusella.Toor@gmail.com,firefighter
544,Petronia,Herrera,Petronia.Herrera@yopmail.com,Petronia.Herrera@gmail.com,doctor
545,Katharina,Gillan,Katharina.Gillan@yopmail.com,Katharina.Gillan@gmail.com,firefighter
546,Madeleine,August,Madeleine.August@yopmail.com,Madeleine.August@gmail.com,doctor
547,Ilse,Orlene,Ilse.Orlene@yopmail.com,Ilse.Orlene@gmail.com,developer
548,Drucie,Jorgan,Drucie.Jorgan@yopmail.com,Drucie.Jorgan@gmail.com,worker
549,Jenilee,Edee,Jenilee.Edee@yopmail.com,Jenilee.Edee@gmail.com,doctor
550,Laure,Lanita,Laure.Lanita@yopmail.com,Laure.Lanita@gmail.com,developer
551,Siana,Albertine,Siana.Albertine@yopmail.com,Siana.Albertine@gmail.com,firefighter
552,Bettine,Abram,Bettine.Abram@yopmail.com,Bettine.Abram@gmail.com,developer
553,Dale,Wittie,Dale.Wittie@yopmail.com,Dale.Wittie@gmail.com,developer
554,Dotty,Ashely,Dotty.Ashely@yopmail.com,Dotty.Ashely@gmail.com,firefighter
555,Leeanne,Virgin,Leeanne.Virgin@yopmail.com,Leeanne.Virgin@gmail.com,developer
556,Delilah,Harriman,Delilah.Harriman@yopmail.com,Delilah.Harriman@gmail.com,developer
557,Brianna,Argus,Brianna.Argus@yopmail.com,Brianna.Argus@gmail.com,developer
558,Bobbi,Tristram,Bobbi.Tristram@yopmail.com,Bobbi.Tristram@gmail.com,doctor
559,Pearline,Meter,Pearline.Meter@yopmail.com,Pearline.Meter@gmail.com,doctor
560,Winny,Sprage,Winny.Sprage@yopmail.com,Winny.Sprage@gmail.com,worker
561,Roz,Hachmin,Roz.Hachmin@yopmail.com,Roz.Hachmin@gmail.com,doctor
562,Devina,Brittani,Devina.Brittani@yopmail.com,Devina.Brittani@gmail.com,worker
563,Lulita,Ralfston,Lulita.Ralfston@yopmail.com,Lulita.Ralfston@gmail.com,firefighter
564,Arlena,Kronfeld,Arlena.Kronfeld@yopmail.com,Arlena.Kronfeld@gmail.com,worker
565,Cherrita,Thema,Cherrita.Thema@yopmail.com,Cherrita.Thema@gmail.com,firefighter
566,Carilyn,Halsey,Carilyn.Halsey@yopmail.com,Carilyn.Halsey@gmail.com,firefighter
567,Nessie,Egbert,Nessie.Egbert@yopmail.com,Nessie.Egbert@gmail.com,developer
568,Ursulina,Connelly,Ursulina.Connelly@yopmail.com,Ursulina.Connelly@gmail.com,developer
569,Fayre,Herrera,Fayre.Herrera@yopmail.com,Fayre.Herrera@gmail.com,developer
570,Ana,Kare,Ana.Kare@yopmail.com,Ana.Kare@gmail.com,worker
571,Valera,Hull,Valera.Hull@yopmail.com,Valera.Hull@gmail.com,developer
572,Marleah,Llovera,Marleah.Llovera@yopmail.com,Marleah.Llovera@gmail.com,developer
573,Wileen,Cosenza,Wileen.Cosenza@yopmail.com,Wileen.Cosenza@gmail.com,doctor
574,Jillayne,Hurley,Jillayne.Hurley@yopmail.com,Jillayne.Hurley@gmail.com,police officer
575,Morganica,Kylander,Morganica.Kylander@yopmail.com,Morganica.Kylander@gmail.com,doctor
576,Susan,Colleen,Susan.Colleen@yopmail.com,Susan.Colleen@gmail.com,developer
577,Xylina,Eliathas,Xylina.Eliathas@yopmail.com,Xylina.Eliathas@gmail.com,worker
578,Ebonee,Lail,Ebonee.Lail@yopmail.com,Ebonee.Lail@gmail.com,firefighter
579,Tabbatha,Ricarda,Tabbatha.Ricarda@yopmail.com,Tabbatha.Ricarda@gmail.com,developer
580,Shandie,Aprile,Shandie.Aprile@yopmail.com,Shandie.Aprile@gmail.com,firefighter
581,Sara-Ann,Forrer,Sara-Ann.Forrer@yopmail.com,Sara-Ann.Forrer@gmail.com,worker
582,Dominga,Kimmie,Dominga.Kimmie@yopmail.com,Dominga.Kimmie@gmail.com,firefighter
583,Rochette,Fax,Rochette.Fax@yopmail.com,Rochette.Fax@gmail.com,worker
584,Betta,Jena,Betta.Jena@yopmail.com,Betta.Jena@gmail.com,worker
585,Joleen,Bigner,Joleen.Bigner@yopmail.com,Joleen.Bigner@gmail.com,developer
586,Rori,Ailyn,Rori.Ailyn@yopmail.com,Rori.Ailyn@gmail.com,doctor
587,Arabel,Junie,Arabel.Junie@yopmail.com,Arabel.Junie@gmail.com,police officer
588,Kimberley,Haymes,Kimberley.Haymes@yopmail.com,Kimberley.Haymes@gmail.com,firefighter
589,Georgetta,Drus,Georgetta.Drus@yopmail.com,Georgetta.Drus@gmail.com,doctor
590,Glynnis,Olnee,Glynnis.Olnee@yopmail.com,Glynnis.Olnee@gmail.com,firefighter
591,Giustina,Gaal,Giustina.Gaal@yopmail.com,Giustina.Gaal@gmail.com,doctor
592,Merry,Faro,Merry.Faro@yopmail.com,Merry.Faro@gmail.com,worker
593,Renie,Hollingsworth,Renie.Hollingsworth@yopmail.com,Renie.Hollingsworth@gmail.com,developer
594,Heddie,Tamsky,Heddie.Tamsky@yopmail.com,Heddie.Tamsky@gmail.com,police officer
595,Leontine,Lanita,Leontine.Lanita@yopmail.com,Leontine.Lanita@gmail.com,police officer
596,Letizia,Loleta,Letizia.Loleta@yopmail.com,Letizia.Loleta@gmail.com,police officer
597,Nicoli,Regan,Nicoli.Regan@yopmail.com,Nicoli.Regan@gmail.com,doctor
598,Sarette,Bury,Sarette.Bury@yopmail.com,Sarette.Bury@gmail.com,doctor
599,Bertine,Deegan,Bertine.Deegan@yopmail.com,Bertine.Deegan@gmail.com,worker
600,Vinita,Camden,Vinita.Camden@yopmail.com,Vinita.Camden@gmail.com,firefighter
601,Fina,Garrison,Fina.Garrison@yopmail.com,Fina.Garrison@gmail.com,doctor
602,Grier,Tristram,Grier.Tristram@yopmail.com,Grier.Tristram@gmail.com,police officer
603,Vonny,Gamaliel,Vonny.Gamaliel@yopmail.com,Vonny.Gamaliel@gmail.com,doctor
604,Karly,Margarete,Karly.Margarete@yopmail.com,Karly.Margarete@gmail.com,police officer
605,Bernie,Jalbert,Bernie.Jalbert@yopmail.com,Bernie.Jalbert@gmail.com,worker
606,Glynnis,Alexandr,Glynnis.Alexandr@yopmail.com,Glynnis.Alexandr@gmail.com,developer
607,Tierney,Seessel,Tierney.Seessel@yopmail.com,Tierney.Seessel@gmail.com,worker
608,Harrietta,Annice,Harrietta.Annice@yopmail.com,Harrietta.Annice@gmail.com,police officer
609,Sean,Trey,Sean.Trey@yopmail.com,Sean.Trey@gmail.com,worker
610,Karly,Sekofski,Karly.Sekofski@yopmail.com,Karly.Sekofski@gmail.com,doctor
611,Albertina,Adalbert,Albertina.Adalbert@yopmail.com,Albertina.Adalbert@gmail.com,worker
612,Pierette,Tristram,Pierette.Tristram@yopmail.com,Pierette.Tristram@gmail.com,firefighter
613,Fina,Hanshaw,Fina.Hanshaw@yopmail.com,Fina.Hanshaw@gmail.com,police officer
614,Marti,Pelagias,Marti.Pelagias@yopmail.com,Marti.Pelagias@gmail.com,doctor
615,Jan,Eckblad,Jan.Eckblad@yopmail.com,Jan.Eckblad@gmail.com,firefighter
616,Jaime,Bow,Jaime.Bow@yopmail.com,Jaime.Bow@gmail.com,doctor
617,Tonia,Telfer,Tonia.Telfer@yopmail.com,Tonia.Telfer@gmail.com,firefighter
618,Aeriela,Celestine,Aeriela.Celestine@yopmail.com,Aeriela.Celestine@gmail.com,worker
619,Celisse,Hieronymus,Celisse.Hieronymus@yopmail.com,Celisse.Hieronymus@gmail.com,developer
620,Sophia,Parette,Sophia.Parette@yopmail.com,Sophia.Parette@gmail.com,firefighter
621,Noelle,Hull,Noelle.Hull@yopmail.com,Noelle.Hull@gmail.com,developer
622,Meriel,Leler,Meriel.Leler@yopmail.com,Meriel.Leler@gmail.com,developer
623,Kara-Lynn,Hedve,Kara-Lynn.Hedve@yopmail.com,Kara-Lynn.Hedve@gmail.com,developer
624,Hollie,Junie,Hollie.Junie@yopmail.com,Hollie.Junie@gmail.com,police officer
625,Elmira,Even,Elmira.Even@yopmail.com,Elmira.Even@gmail.com,worker
626,Rhoda,Eben,Rhoda.Eben@yopmail.com,Rhoda.Eben@gmail.com,police officer
627,Leona,Gordon,Leona.Gordon@yopmail.com,Leona.Gordon@gmail.com,firefighter
628,Alyda,Francyne,Alyda.Francyne@yopmail.com,Alyda.Francyne@gmail.com,worker
629,Louella,Afton,Louella.Afton@yopmail.com,Louella.Afton@gmail.com,doctor
630,Monika,Kronfeld,Monika.Kronfeld@yopmail.com,Monika.Kronfeld@gmail.com,developer
631,Rochette,Johnsson,Rochette.Johnsson@yopmail.com,Rochette.Johnsson@gmail.com,doctor
632,Bibby,Greenwald,Bibby.Greenwald@yopmail.com,Bibby.Greenwald@gmail.com,police officer
633,Clary,McNully,Clary.McNully@yopmail.com,Clary.McNully@gmail.com,doctor
634,Marita,Nikaniki,Marita.Nikaniki@yopmail.com,Marita.Nikaniki@gmail.com,doctor
635,Dione,Lacombe,Dione.Lacombe@yopmail.com,Dione.Lacombe@gmail.com,doctor
636,Ursulina,Dominy,Ursulina.Dominy@yopmail.com,Ursulina.Dominy@gmail.com,firefighter
637,Janey,Faria,Janey.Faria@yopmail.com,Janey.Faria@gmail.com,developer
638,Nananne,Ursulette,Nananne.Ursulette@yopmail.com,Nananne.Ursulette@gmail.com,developer
639,Marika,Vale,Marika.Vale@yopmail.com,Marika.Vale@gmail.com,doctor
640,Adriana,Adlare,Adriana.Adlare@yopmail.com,Adriana.Adlare@gmail.com,developer
641,Linet,Romelda,Linet.Romelda@yopmail.com,Linet.Romelda@gmail.com,worker
642,Tatiania,Lauraine,Tatiania.Lauraine@yopmail.com,Tatiania.Lauraine@gmail.com,worker
643,Alameda,Madaih,Alameda.Madaih@yopmail.com,Alameda.Madaih@gmail.com,doctor
644,Cherilyn,Yorick,Cherilyn.Yorick@yopmail.com,Cherilyn.Yorick@gmail.com,doctor
645,Larine,Terrence,Larine.Terrence@yopmail.com,Larine.Terrence@gmail.com,worker
646,Annora,Sherrie,Annora.Sherrie@yopmail.com,Annora.Sherrie@gmail.com,police officer
647,Gwenneth,Jaylene,Gwenneth.Jaylene@yopmail.com,Gwenneth.Jaylene@gmail.com,doctor
648,Zsa Zsa,Imelida,Zsa Zsa.Imelida@yopmail.com,Zsa Zsa.Imelida@gmail.com,doctor
649,Elie,Pyle,Elie.Pyle@yopmail.com,Elie.Pyle@gmail.com,doctor
650,Florie,Thomasina,Florie.Thomasina@yopmail.com,Florie.Thomasina@gmail.com,doctor
651,Flo,Riordan,Flo.Riordan@yopmail.com,Flo.Riordan@gmail.com,police officer
652,Josephine,Chandler,Josephine.Chandler@yopmail.com,Josephine.Chandler@gmail.com,doctor
653,Raina,Vary,Raina.Vary@yopmail.com,Raina.Vary@gmail.com,developer
654,Nicoli,Dearborn,Nicoli.Dearborn@yopmail.com,Nicoli.Dearborn@gmail.com,firefighter
655,Quintina,Aurelio,Quintina.Aurelio@yopmail.com,Quintina.Aurelio@gmail.com,police officer
656,Corry,Pozzy,Corry.Pozzy@yopmail.com,Corry.Pozzy@gmail.com,firefighter
657,Damaris,Cullin,Damaris.Cullin@yopmail.com,Damaris.Cullin@gmail.com,worker
658,Marti,Janene,Marti.Janene@yopmail.com,Marti.Janene@gmail.com,doctor
659,Tamqrah,Mata,Tamqrah.Mata@yopmail.com,Tamqrah.Mata@gmail.com,doctor
660,Corry,Annice,Corry.Annice@yopmail.com,Corry.Annice@gmail.com,police officer
661,Chrystel,Mich,Chrystel.Mich@yopmail.com,Chrystel.Mich@gmail.com,police officer
662,Winifred,Adore,Winifred.Adore@yopmail.com,Winifred.Adore@gmail.com,worker
663,Sadie,Lea,Sadie.Lea@yopmail.com,Sadie.Lea@gmail.com,firefighter
664,Marsiella,Burnside,Marsiella.Burnside@yopmail.com,Marsiella.Burnside@gmail.com,firefighter
665,Benita,Federica,Benita.Federica@yopmail.com,Benita.Federica@gmail.com,firefighter
666,Sonni,Douglass,Sonni.Douglass@yopmail.com,Sonni.Douglass@gmail.com,worker
667,Robbi,Quent,Robbi.Quent@yopmail.com,Robbi.Quent@gmail.com,worker
668,Nananne,Jenness,Nananne.Jenness@yopmail.com,Nananne.Jenness@gmail.com,doctor
669,Karly,Orelee,Karly.Orelee@yopmail.com,Karly.Orelee@gmail.com,police officer
670,Jaclyn,Jethro,Jaclyn.Jethro@yopmail.com,Jaclyn.Jethro@gmail.com,police officer
671,Corina,Prober,Corina.Prober@yopmail.com,Corina.Prober@gmail.com,developer
672,Odessa,Lytton,Odessa.Lytton@yopmail.com,Odessa.Lytton@gmail.com,police officer
673,Dale,Merriott,Dale.Merriott@yopmail.com,Dale.Merriott@gmail.com,firefighter
674,Margarette,Mauer,Margarette.Mauer@yopmail.com,Margarette.Mauer@gmail.com,firefighter
675,Florencia,Pozzy,Florencia.Pozzy@yopmail.com,Florencia.Pozzy@gmail.com,firefighter
676,Sybille,Edison,Sybille.Edison@yopmail.com,Sybille.Edison@gmail.com,police officer
677,Jenda,Giff,Jenda.Giff@yopmail.com,Jenda.Giff@gmail.com,doctor
678,Cathie,Jammal,Cathie.Jammal@yopmail.com,Cathie.Jammal@gmail.com,developer
679,Krystle,Magnolia,Krystle.Magnolia@yopmail.com,Krystle.Magnolia@gmail.com,doctor
680,Marleah,Pond,Marleah.Pond@yopmail.com,Marleah.Pond@gmail.com,police officer
681,Priscilla,Crudden,Priscilla.Crudden@yopmail.com,Priscilla.Crudden@gmail.com,developer
682,Ulrike,Othilia,Ulrike.Othilia@yopmail.com,Ulrike.Othilia@gmail.com,police officer
683,Antonietta,Yoko,Antonietta.Yoko@yopmail.com,Antonietta.Yoko@gmail.com,firefighter
684,Adriana,Bow,Adriana.Bow@yopmail.com,Adriana.Bow@gmail.com,doctor
685,Yvonne,Monk,Yvonne.Monk@yopmail.com,Yvonne.Monk@gmail.com,doctor
686,Carolina,Vastah,Carolina.Vastah@yopmail.com,Carolina.Vastah@gmail.com,police officer
687,Juliane,Corabella,Juliane.Corabella@yopmail.com,Juliane.Corabella@gmail.com,developer
688,Frances,Ummersen,Frances.Ummersen@yopmail.com,Frances.Ummersen@gmail.com,firefighter
689,Tina,Campball,Tina.Campball@yopmail.com,Tina.Campball@gmail.com,developer
690,Cyb,Stelle,Cyb.Stelle@yopmail.com,Cyb.Stelle@gmail.com,firefighter
691,Nataline,Daveta,Nataline.Daveta@yopmail.com,Nataline.Daveta@gmail.com,police officer
692,Maye,Braun,Maye.Braun@yopmail.com,Maye.Braun@gmail.com,doctor
693,Regina,Jacobah,Regina.Jacobah@yopmail.com,Regina.Jacobah@gmail.com,developer
694,Carilyn,Pearse,Carilyn.Pearse@yopmail.com,Carilyn.Pearse@gmail.com,developer
695,Marjie,Juan,Marjie.Juan@yopmail.com,Marjie.Juan@gmail.com,worker
696,Rosanne,Sekofski,Rosanne.Sekofski@yopmail.com,Rosanne.Sekofski@gmail.com,doctor
697,Carree,Fitzsimmons,Carree.Fitzsimmons@yopmail.com,Carree.Fitzsimmons@gmail.com,firefighter
698,Fanchon,Angelis,Fanchon.Angelis@yopmail.com,Fanchon.Angelis@gmail.com,doctor
699,Marika,Billye,Marika.Billye@yopmail.com,Marika.Billye@gmail.com,developer
700,Sissy,Colleen,Sissy.Colleen@yopmail.com,Sissy.Colleen@gmail.com,firefighter
701,Noelle,Fabiola,Noelle.Fabiola@yopmail.com,Noelle.Fabiola@gmail.com,worker
702,Britni,Tomasina,Britni.Tomasina@yopmail.com,Britni.Tomasina@gmail.com,worker
703,Evaleen,Slifka,Evaleen.Slifka@yopmail.com,Evaleen.Slifka@gmail.com,developer
704,Trudie,Juliet,Trudie.Juliet@yopmail.com,Trudie.Juliet@gmail.com,worker
705,Carolina,Lacombe,Carolina.Lacombe@yopmail.com,Carolina.Lacombe@gmail.com,worker
706,Wileen,Wyn,Wileen.Wyn@yopmail.com,Wileen.Wyn@gmail.com,worker
707,Kylynn,Ludewig,Kylynn.Ludewig@yopmail.com,Kylynn.Ludewig@gmail.com,police officer
708,Willetta,Friede,Willetta.Friede@yopmail.com,Willetta.Friede@gmail.com,doctor
709,Cyndie,Noman,Cyndie.Noman@yopmail.com,Cyndie.Noman@gmail.com,police officer
710,Evita,Dorothy,Evita.Dorothy@yopmail.com,Evita.Dorothy@gmail.com,doctor
711,Oralee,Flyn,Oralee.Flyn@yopmail.com,Oralee.Flyn@gmail.com,police officer
712,Florencia,Olnee,Florencia.Olnee@yopmail.com,Florencia.Olnee@gmail.com,police officer
713,Fanchon,Moseley,Fanchon.Moseley@yopmail.com,Fanchon.Moseley@gmail.com,developer
714,Olivette,Kress,Olivette.Kress@yopmail.com,Olivette.Kress@gmail.com,firefighter
715,Elmira,Ball,Elmira.Ball@yopmail.com,Elmira.Ball@gmail.com,doctor
716,Odessa,Markman,Odessa.Markman@yopmail.com,Odessa.Markman@gmail.com,firefighter
717,Nataline,Cimbura,Nataline.Cimbura@yopmail.com,Nataline.Cimbura@gmail.com,police officer
718,Tracey,Charmine,Tracey.Charmine@yopmail.com,Tracey.Charmine@gmail.com,developer
719,Rozele,Sharl,Rozele.Sharl@yopmail.com,Rozele.Sharl@gmail.com,police officer
720,Vivia,Aldric,Vivia.Aldric@yopmail.com,Vivia.Aldric@gmail.com,developer
721,Mary,Nea,Mary.Nea@yopmail.com,Mary.Nea@gmail.com,firefighter
722,Ronna,Geffner,Ronna.Geffner@yopmail.com,Ronna.Geffner@gmail.com,doctor
723,Anthia,Chesna,Anthia.Chesna@yopmail.com,Anthia.Chesna@gmail.com,firefighter
724,Dorothy,Bartlett,Dorothy.Bartlett@yopmail.com,Dorothy.Bartlett@gmail.com,firefighter
725,Nannie,Thar,Nannie.Thar@yopmail.com,Nannie.Thar@gmail.com,police officer
726,Selma,Winnick,Selma.Winnick@yopmail.com,Selma.Winnick@gmail.com,worker
727,Britte,Behre,Britte.Behre@yopmail.com,Britte.Behre@gmail.com,police officer
728,Zia,McAdams,Zia.McAdams@yopmail.com,Zia.McAdams@gmail.com,police officer
729,Coral,Carbo,Coral.Carbo@yopmail.com,Coral.Carbo@gmail.com,developer
730,Jere,Ade,Jere.Ade@yopmail.com,Jere.Ade@gmail.com,police officer
731,Rosanne,Kronfeld,Rosanne.Kronfeld@yopmail.com,Rosanne.Kronfeld@gmail.com,worker
732,Minne,Vary,Minne.Vary@yopmail.com,Minne.Vary@gmail.com,worker
733,Maurene,Mata,Maurene.Mata@yopmail.com,Maurene.Mata@gmail.com,developer
734,Danika,Lorain,Danika.Lorain@yopmail.com,Danika.Lorain@gmail.com,developer
735,Wileen,Arquit,Wileen.Arquit@yopmail.com,Wileen.Arquit@gmail.com,worker
736,Cordi,Belanger,Cordi.Belanger@yopmail.com,Cordi.Belanger@gmail.com,developer
737,Elbertina,Modie,Elbertina.Modie@yopmail.com,Elbertina.Modie@gmail.com,worker
738,Collen,Dimitris,Collen.Dimitris@yopmail.com,Collen.Dimitris@gmail.com,developer
739,Maryellen,Markman,Maryellen.Markman@yopmail.com,Maryellen.Markman@gmail.com,police officer
740,Jere,Muriel,Jere.Muriel@yopmail.com,Jere.Muriel@gmail.com,doctor
741,Bobbi,Eckblad,Bobbi.Eckblad@yopmail.com,Bobbi.Eckblad@gmail.com,firefighter
742,Leia,Clywd,Leia.Clywd@yopmail.com,Leia.Clywd@gmail.com,police officer
743,Lenna,Frodi,Lenna.Frodi@yopmail.com,Lenna.Frodi@gmail.com,police officer
744,Zondra,Anastatius,Zondra.Anastatius@yopmail.com,Zondra.Anastatius@gmail.com,developer
745,Maud,Emanuel,Maud.Emanuel@yopmail.com,Maud.Emanuel@gmail.com,doctor
746,Concettina,Ehrman,Concettina.Ehrman@yopmail.com,Concettina.Ehrman@gmail.com,doctor
747,Audrie,Edvard,Audrie.Edvard@yopmail.com,Audrie.Edvard@gmail.com,developer
748,Nyssa,Brodench,Nyssa.Brodench@yopmail.com,Nyssa.Brodench@gmail.com,worker
749,Gilligan,Kannry,Gilligan.Kannry@yopmail.com,Gilligan.Kannry@gmail.com,police officer
750,Karena,Fadiman,Karena.Fadiman@yopmail.com,Karena.Fadiman@gmail.com,doctor
751,Lorie,Hoban,Lorie.Hoban@yopmail.com,Lorie.Hoban@gmail.com,worker
752,Dione,Jammal,Dione.Jammal@yopmail.com,Dione.Jammal@gmail.com,firefighter
753,Sarette,Kermit,Sarette.Kermit@yopmail.com,Sarette.Kermit@gmail.com,police officer
754,Dari,Muriel,Dari.Muriel@yopmail.com,Dari.Muriel@gmail.com,doctor
755,Larine,Christal,Larine.Christal@yopmail.com,Larine.Christal@gmail.com,worker
756,Rosabelle,Bibi,Rosabelle.Bibi@yopmail.com,Rosabelle.Bibi@gmail.com,doctor
757,Margette,Sasnett,Margette.Sasnett@yopmail.com,Margette.Sasnett@gmail.com,police officer
758,Candy,Ardra,Candy.Ardra@yopmail.com,Candy.Ardra@gmail.com,developer
759,Rani,Riordan,Rani.Riordan@yopmail.com,Rani.Riordan@gmail.com,worker
760,Aurore,Ricarda,Aurore.Ricarda@yopmail.com,Aurore.Ricarda@gmail.com,firefighter
761,Livvyy,Martguerita,Livvyy.Martguerita@yopmail.com,Livvyy.Martguerita@gmail.com,developer
762,Xylina,Wolfgram,Xylina.Wolfgram@yopmail.com,Xylina.Wolfgram@gmail.com,police officer
763,Bibby,Tatianas,Bibby.Tatianas@yopmail.com,Bibby.Tatianas@gmail.com,developer
764,Maridel,Pond,Maridel.Pond@yopmail.com,Maridel.Pond@gmail.com,firefighter
765,Pollyanna,Hull,Pollyanna.Hull@yopmail.com,Pollyanna.Hull@gmail.com,police officer
766,Ira,Raimondo,Ira.Raimondo@yopmail.com,Ira.Raimondo@gmail.com,doctor
767,Hildegaard,Ogren,Hildegaard.Ogren@yopmail.com,Hildegaard.Ogren@gmail.com,developer
768,Nicoli,Gale,Nicoli.Gale@yopmail.com,Nicoli.Gale@gmail.com,police officer
769,Sissy,Quent,Sissy.Quent@yopmail.com,Sissy.Quent@gmail.com,firefighter
770,Keelia,Shanley,Keelia.Shanley@yopmail.com,Keelia.Shanley@gmail.com,police officer
771,Karolina,Mitzi,Karolina.Mitzi@yopmail.com,Karolina.Mitzi@gmail.com,developer
772,Ruthe,Roarke,Ruthe.Roarke@yopmail.com,Ruthe.Roarke@gmail.com,developer
773,Teddie,Alarise,Teddie.Alarise@yopmail.com,Teddie.Alarise@gmail.com,worker
774,Jenilee,Elsinore,Jenilee.Elsinore@yopmail.com,Jenilee.Elsinore@gmail.com,developer
775,Dominga,Maxi,Dominga.Maxi@yopmail.com,Dominga.Maxi@gmail.com,worker
776,Felice,Zrike,Felice.Zrike@yopmail.com,Felice.Zrike@gmail.com,doctor
777,Ida,Dex,Ida.Dex@yopmail.com,Ida.Dex@gmail.com,developer
778,Violet,Hylan,Violet.Hylan@yopmail.com,Violet.Hylan@gmail.com,worker
779,Annora,Lunsford,Annora.Lunsford@yopmail.com,Annora.Lunsford@gmail.com,firefighter
780,Larine,Clara,Larine.Clara@yopmail.com,Larine.Clara@gmail.com,firefighter
781,Flo,Silvan,Flo.Silvan@yopmail.com,Flo.Silvan@gmail.com,worker
782,Ronna,Gualtiero,Ronna.Gualtiero@yopmail.com,Ronna.Gualtiero@gmail.com,worker
783,Etta,Eachern,Etta.Eachern@yopmail.com,Etta.Eachern@gmail.com,firefighter
784,Beth,Dalli,Beth.Dalli@yopmail.com,Beth.Dalli@gmail.com,worker
785,Pamella,Johanna,Pamella.Johanna@yopmail.com,Pamella.Johanna@gmail.com,firefighter
786,Dorene,Yate,Dorene.Yate@yopmail.com,Dorene.Yate@gmail.com,firefighter
787,Caressa,Wooster,Caressa.Wooster@yopmail.com,Caressa.Wooster@gmail.com,police officer
788,Kelly,Guildroy,Kelly.Guildroy@yopmail.com,Kelly.Guildroy@gmail.com,developer
789,Florie,Marsden,Florie.Marsden@yopmail.com,Florie.Marsden@gmail.com,firefighter
790,Bobinette,Wesle,Bobinette.Wesle@yopmail.com,Bobinette.Wesle@gmail.com,worker
791,Gratia,Darbie,Gratia.Darbie@yopmail.com,Gratia.Darbie@gmail.com,police officer
792,Sindee,Martguerita,Sindee.Martguerita@yopmail.com,Sindee.Martguerita@gmail.com,developer
793,Doralynne,Atonsah,Doralynne.Atonsah@yopmail.com,Doralynne.Atonsah@gmail.com,doctor
794,Ingrid,Merat,Ingrid.Merat@yopmail.com,Ingrid.Merat@gmail.com,developer
795,Aurore,Merat,Aurore.Merat@yopmail.com,Aurore.Merat@gmail.com,police officer
796,Lanna,Emerson,Lanna.Emerson@yopmail.com,Lanna.Emerson@gmail.com,worker
797,Lory,Fairweather,Lory.Fairweather@yopmail.com,Lory.Fairweather@gmail.com,police officer
798,Addia,Toni,Addia.Toni@yopmail.com,Addia.Toni@gmail.com,developer
799,Deloria,Stephie,Deloria.Stephie@yopmail.com,Deloria.Stephie@gmail.com,developer
800,Cristabel,Imelida,Cristabel.Imelida@yopmail.com,Cristabel.Imelida@gmail.com,developer
801,Lanna,Buttaro,Lanna.Buttaro@yopmail.com,Lanna.Buttaro@gmail.com,police officer
802,Coral,Wareing,Coral.Wareing@yopmail.com,Coral.Wareing@gmail.com,doctor
803,Dione,Naor,Dione.Naor@yopmail.com,Dione.Naor@gmail.com,developer
804,Violet,Eno,Violet.Eno@yopmail.com,Violet.Eno@gmail.com,developer
805,Shell,McAdams,Shell.McAdams@yopmail.com,Shell.McAdams@gmail.com,worker
806,Cassondra,Kevon,Cassondra.Kevon@yopmail.com,Cassondra.Kevon@gmail.com,police officer
807,Madelle,Salchunas,Madelle.Salchunas@yopmail.com,Madelle.Salchunas@gmail.com,police officer
808,Shannah,Connelly,Shannah.Connelly@yopmail.com,Shannah.Connelly@gmail.com,police officer
809,Kimberley,Orpah,Kimberley.Orpah@yopmail.com,Kimberley.Orpah@gmail.com,worker
810,Ermengarde,Ralfston,Ermengarde.Ralfston@yopmail.com,Ermengarde.Ralfston@gmail.com,firefighter
811,Raina,Billye,Raina.Billye@yopmail.com,Raina.Billye@gmail.com,developer
812,Lorie,Allina,Lorie.Allina@yopmail.com,Lorie.Allina@gmail.com,firefighter
813,Joleen,Ursulette,Joleen.Ursulette@yopmail.com,Joleen.Ursulette@gmail.com,doctor
814,Katharina,Luhe,Katharina.Luhe@yopmail.com,Katharina.Luhe@gmail.com,worker
815,Alejandra,Capello,Alejandra.Capello@yopmail.com,Alejandra.Capello@gmail.com,developer
816,Sybille,Brotherson,Sybille.Brotherson@yopmail.com,Sybille.Brotherson@gmail.com,firefighter
817,Stacey,Read,Stacey.Read@yopmail.com,Stacey.Read@gmail.com,police officer
818,Ketti,Libna,Ketti.Libna@yopmail.com,Ketti.Libna@gmail.com,doctor
819,Mady,Francene,Mady.Francene@yopmail.com,Mady.Francene@gmail.com,police officer
820,Tami,Alice,Tami.Alice@yopmail.com,Tami.Alice@gmail.com,firefighter
821,Ada,Cristi,Ada.Cristi@yopmail.com,Ada.Cristi@gmail.com,developer
822,Addia,Mozelle,Addia.Mozelle@yopmail.com,Addia.Mozelle@gmail.com,firefighter
823,Morganica,Shaddock,Morganica.Shaddock@yopmail.com,Morganica.Shaddock@gmail.com,doctor
824,Chloris,Pond,Chloris.Pond@yopmail.com,Chloris.Pond@gmail.com,police officer
825,Beth,Lorenz,Beth.Lorenz@yopmail.com,Beth.Lorenz@gmail.com,police officer
826,Deane,Kronfeld,Deane.Kronfeld@yopmail.com,Deane.Kronfeld@gmail.com,developer
827,Jinny,Dex,Jinny.Dex@yopmail.com,Jinny.Dex@gmail.com,doctor
828,Selma,Ferrell,Selma.Ferrell@yopmail.com,Selma.Ferrell@gmail.com,worker
829,Alyda,Stilwell,Alyda.Stilwell@yopmail.com,Alyda.Stilwell@gmail.com,doctor
830,Clarice,Wind,Clarice.Wind@yopmail.com,Clarice.Wind@gmail.com,worker
831,Nerta,Trinetta,Nerta.Trinetta@yopmail.com,Nerta.Trinetta@gmail.com,police officer
832,Henriette,Cordi,Henriette.Cordi@yopmail.com,Henriette.Cordi@gmail.com,developer
833,Mathilda,Ortrude,Mathilda.Ortrude@yopmail.com,Mathilda.Ortrude@gmail.com,firefighter
834,Belinda,Adamsen,Belinda.Adamsen@yopmail.com,Belinda.Adamsen@gmail.com,firefighter
835,Odessa,Fry,Odessa.Fry@yopmail.com,Odessa.Fry@gmail.com,police officer
836,Iseabal,Socha,Iseabal.Socha@yopmail.com,Iseabal.Socha@gmail.com,firefighter
837,Glenda,Curren,Glenda.Curren@yopmail.com,Glenda.Curren@gmail.com,police officer
838,Shirlee,Celestine,Shirlee.Celestine@yopmail.com,Shirlee.Celestine@gmail.com,worker
839,Esmeralda,Vacuva,Esmeralda.Vacuva@yopmail.com,Esmeralda.Vacuva@gmail.com,worker
840,Rebeca,Ummersen,Rebeca.Ummersen@yopmail.com,Rebeca.Ummersen@gmail.com,police officer
841,Gui,Gherardo,Gui.Gherardo@yopmail.com,Gui.Gherardo@gmail.com,police officer
842,Danny,Henrie,Danny.Henrie@yopmail.com,Danny.Henrie@gmail.com,firefighter
843,Kamilah,Bahr,Kamilah.Bahr@yopmail.com,Kamilah.Bahr@gmail.com,worker
844,Alejandra,Sacken,Alejandra.Sacken@yopmail.com,Alejandra.Sacken@gmail.com,developer
845,Merry,Lalitta,Merry.Lalitta@yopmail.com,Merry.Lalitta@gmail.com,doctor
846,Merry,Ferino,Merry.Ferino@yopmail.com,Merry.Ferino@gmail.com,worker
847,Chloris,Krystle,Chloris.Krystle@yopmail.com,Chloris.Krystle@gmail.com,worker
848,Kellen,Karl,Kellen.Karl@yopmail.com,Kellen.Karl@gmail.com,worker
849,Stephanie,Lia,Stephanie.Lia@yopmail.com,Stephanie.Lia@gmail.com,worker
850,Blake,Dahlia,Blake.Dahlia@yopmail.com,Blake.Dahlia@gmail.com,worker
851,Gui,Plato,Gui.Plato@yopmail.com,Gui.Plato@gmail.com,police officer
852,Roz,Sheng,Roz.Sheng@yopmail.com,Roz.Sheng@gmail.com,police officer
853,Ginnie,Dahlia,Ginnie.Dahlia@yopmail.com,Ginnie.Dahlia@gmail.com,firefighter
854,Brietta,Demitria,Brietta.Demitria@yopmail.com,Brietta.Demitria@gmail.com,police officer
855,Jaime,Mott,Jaime.Mott@yopmail.com,Jaime.Mott@gmail.com,doctor
856,Chickie,Ax,Chickie.Ax@yopmail.com,Chickie.Ax@gmail.com,police officer
857,Asia,Stefa,Asia.Stefa@yopmail.com,Asia.Stefa@gmail.com,firefighter
858,Mary,Kermit,Mary.Kermit@yopmail.com,Mary.Kermit@gmail.com,police officer
859,Raquela,Means,Raquela.Means@yopmail.com,Raquela.Means@gmail.com,developer
860,Gaylene,Olympium,Gaylene.Olympium@yopmail.com,Gaylene.Olympium@gmail.com,doctor
861,Gwyneth,Bollay,Gwyneth.Bollay@yopmail.com,Gwyneth.Bollay@gmail.com,doctor
862,Aurelie,Armanda,Aurelie.Armanda@yopmail.com,Aurelie.Armanda@gmail.com,firefighter
863,Eadie,Truc,Eadie.Truc@yopmail.com,Eadie.Truc@gmail.com,police officer
864,Bibby,Dom,Bibby.Dom@yopmail.com,Bibby.Dom@gmail.com,firefighter
865,Eve,Madelene,Eve.Madelene@yopmail.com,Eve.Madelene@gmail.com,developer
866,Gianina,Ralfston,Gianina.Ralfston@yopmail.com,Gianina.Ralfston@gmail.com,police officer
867,Meghann,Mitzi,Meghann.Mitzi@yopmail.com,Meghann.Mitzi@gmail.com,developer
868,Rebeca,Magnolia,Rebeca.Magnolia@yopmail.com,Rebeca.Magnolia@gmail.com,doctor
869,Codie,Greenwald,Codie.Greenwald@yopmail.com,Codie.Greenwald@gmail.com,police officer
870,Joeann,Kaja,Joeann.Kaja@yopmail.com,Joeann.Kaja@gmail.com,worker
871,Wendi,Virgin,Wendi.Virgin@yopmail.com,Wendi.Virgin@gmail.com,developer
872,Beth,Plato,Beth.Plato@yopmail.com,Beth.Plato@gmail.com,police officer
873,Alia,Dom,Alia.Dom@yopmail.com,Alia.Dom@gmail.com,worker
874,Keelia,Janene,Keelia.Janene@yopmail.com,Keelia.Janene@gmail.com,police officer
875,Sue,Iaverne,Sue.Iaverne@yopmail.com,Sue.Iaverne@gmail.com,worker
876,Kary,Atonsah,Kary.Atonsah@yopmail.com,Kary.Atonsah@gmail.com,developer
877,Norine,Haldas,Norine.Haldas@yopmail.com,Norine.Haldas@gmail.com,police officer
878,Trudie,Warthman,Trudie.Warthman@yopmail.com,Trudie.Warthman@gmail.com,doctor
879,Petronia,Magnolia,Petronia.Magnolia@yopmail.com,Petronia.Magnolia@gmail.com,developer
880,Allis,Dunkin,Allis.Dunkin@yopmail.com,Allis.Dunkin@gmail.com,doctor
881,Corene,Elvyn,Corene.Elvyn@yopmail.com,Corene.Elvyn@gmail.com,developer
882,Claudina,Marcellus,Claudina.Marcellus@yopmail.com,Claudina.Marcellus@gmail.com,firefighter
883,Mamie,Slifka,Mamie.Slifka@yopmail.com,Mamie.Slifka@gmail.com,firefighter
884,Drucie,Sprage,Drucie.Sprage@yopmail.com,Drucie.Sprage@gmail.com,firefighter
885,Bettine,Gregrory,Bettine.Gregrory@yopmail.com,Bettine.Gregrory@gmail.com,worker
886,Nariko,Adlare,Nariko.Adlare@yopmail.com,Nariko.Adlare@gmail.com,firefighter
887,Sheelagh,Shelba,Sheelagh.Shelba@yopmail.com,Sheelagh.Shelba@gmail.com,doctor
888,Sallie,Gaulin,Sallie.Gaulin@yopmail.com,Sallie.Gaulin@gmail.com,doctor
889,Mellicent,Brotherson,Mellicent.Brotherson@yopmail.com,Mellicent.Brotherson@gmail.com,worker
890,Marylou,Lytton,Marylou.Lytton@yopmail.com,Marylou.Lytton@gmail.com,worker
891,June,Riva,June.Riva@yopmail.com,June.Riva@gmail.com,firefighter
892,Ann-Marie,Madox,Ann-Marie.Madox@yopmail.com,Ann-Marie.Madox@gmail.com,police officer
893,Debee,Lorenz,Debee.Lorenz@yopmail.com,Debee.Lorenz@gmail.com,developer
894,Rori,Tomasina,Rori.Tomasina@yopmail.com,Rori.Tomasina@gmail.com,doctor
895,Beatriz,Reinke,Beatriz.Reinke@yopmail.com,Beatriz.Reinke@gmail.com,doctor
896,Bernie,Brittani,Bernie.Brittani@yopmail.com,Bernie.Brittani@gmail.com,developer
897,Danika,Lail,Danika.Lail@yopmail.com,Danika.Lail@gmail.com,doctor
898,Carree,Zaslow,Carree.Zaslow@yopmail.com,Carree.Zaslow@gmail.com,police officer
899,Nataline,Fiann,Nataline.Fiann@yopmail.com,Nataline.Fiann@gmail.com,doctor
900,Hyacinthe,Nerita,Hyacinthe.Nerita@yopmail.com,Hyacinthe.Nerita@gmail.com,developer
901,Anestassia,Bohlin,Anestassia.Bohlin@yopmail.com,Anestassia.Bohlin@gmail.com,worker
902,Cecile,Edee,Cecile.Edee@yopmail.com,Cecile.Edee@gmail.com,developer
903,Alyda,Jary,Alyda.Jary@yopmail.com,Alyda.Jary@gmail.com,firefighter
904,Adriana,Westphal,Adriana.Westphal@yopmail.com,Adriana.Westphal@gmail.com,doctor
905,Korrie,Roumell,Korrie.Roumell@yopmail.com,Korrie.Roumell@gmail.com,firefighter
906,Laurene,Kazimir,Laurene.Kazimir@yopmail.com,Laurene.Kazimir@gmail.com,developer
907,Reeba,Leary,Reeba.Leary@yopmail.com,Reeba.Leary@gmail.com,doctor
908,Jacenta,Fredi,Jacenta.Fredi@yopmail.com,Jacenta.Fredi@gmail.com,doctor
909,Elie,Swigart,Elie.Swigart@yopmail.com,Elie.Swigart@gmail.com,doctor
910,Fawne,Thar,Fawne.Thar@yopmail.com,Fawne.Thar@gmail.com,firefighter
911,Maurene,Masao,Maurene.Masao@yopmail.com,Maurene.Masao@gmail.com,worker
912,Misha,Shanley,Misha.Shanley@yopmail.com,Misha.Shanley@gmail.com,developer
913,Elora,Maurine,Elora.Maurine@yopmail.com,Elora.Maurine@gmail.com,doctor
914,Shaine,Alrich,Shaine.Alrich@yopmail.com,Shaine.Alrich@gmail.com,developer
915,Marcelline,Cornelia,Marcelline.Cornelia@yopmail.com,Marcelline.Cornelia@gmail.com,worker
916,Beth,Bluh,Beth.Bluh@yopmail.com,Beth.Bluh@gmail.com,firefighter
917,Charissa,Diann,Charissa.Diann@yopmail.com,Charissa.Diann@gmail.com,police officer
918,Sindee,Izaak,Sindee.Izaak@yopmail.com,Sindee.Izaak@gmail.com,developer
919,Marinna,Autrey,Marinna.Autrey@yopmail.com,Marinna.Autrey@gmail.com,doctor
920,Christian,Madaih,Christian.Madaih@yopmail.com,Christian.Madaih@gmail.com,firefighter
921,Bertine,Trey,Bertine.Trey@yopmail.com,Bertine.Trey@gmail.com,doctor
922,Sybille,Lymann,Sybille.Lymann@yopmail.com,Sybille.Lymann@gmail.com,police officer
923,Claudina,Hanshaw,Claudina.Hanshaw@yopmail.com,Claudina.Hanshaw@gmail.com,police officer
924,Rosene,Narton,Rosene.Narton@yopmail.com,Rosene.Narton@gmail.com,worker
925,Joane,Nester,Joane.Nester@yopmail.com,Joane.Nester@gmail.com,firefighter
926,Ericka,Cavan,Ericka.Cavan@yopmail.com,Ericka.Cavan@gmail.com,police officer
927,Brandise,Gino,Brandise.Gino@yopmail.com,Brandise.Gino@gmail.com,developer
928,Gusella,Konyn,Gusella.Konyn@yopmail.com,Gusella.Konyn@gmail.com,worker
929,Gaylene,Michella,Gaylene.Michella@yopmail.com,Gaylene.Michella@gmail.com,firefighter
930,Madalyn,Mullane,Madalyn.Mullane@yopmail.com,Madalyn.Mullane@gmail.com,doctor
931,Starla,Brackely,Starla.Brackely@yopmail.com,Starla.Brackely@gmail.com,doctor
932,Karlee,Pelagias,Karlee.Pelagias@yopmail.com,Karlee.Pelagias@gmail.com,developer
933,Shell,Ax,Shell.Ax@yopmail.com,Shell.Ax@gmail.com,doctor
934,Silvana,Percy,Silvana.Percy@yopmail.com,Silvana.Percy@gmail.com,developer
935,Dennie,Ilka,Dennie.Ilka@yopmail.com,Dennie.Ilka@gmail.com,doctor
936,Jordan,Lilybelle,Jordan.Lilybelle@yopmail.com,Jordan.Lilybelle@gmail.com,developer
937,Sashenka,Israeli,Sashenka.Israeli@yopmail.com,Sashenka.Israeli@gmail.com,firefighter
938,Justinn,Khorma,Justinn.Khorma@yopmail.com,Justinn.Khorma@gmail.com,firefighter
939,Lorne,Hoban,Lorne.Hoban@yopmail.com,Lorne.Hoban@gmail.com,developer
940,Constance,Iphlgenia,Constance.Iphlgenia@yopmail.com,Constance.Iphlgenia@gmail.com,worker
941,Leeanne,Nore,Leeanne.Nore@yopmail.com,Leeanne.Nore@gmail.com,police officer
942,Ardenia,Hunfredo,Ardenia.Hunfredo@yopmail.com,Ardenia.Hunfredo@gmail.com,doctor
943,Tersina,Clie,Tersina.Clie@yopmail.com,Tersina.Clie@gmail.com,firefighter
944,Annecorinne,Tound,Annecorinne.Tound@yopmail.com,Annecorinne.Tound@gmail.com,developer
945,Reeba,Behre,Reeba.Behre@yopmail.com,Reeba.Behre@gmail.com,firefighter
946,Gloria,Stilwell,Gloria.Stilwell@yopmail.com,Gloria.Stilwell@gmail.com,doctor
947,Steffane,Nunci,Steffane.Nunci@yopmail.com,Steffane.Nunci@gmail.com,worker
948,Vinita,Himelman,Vinita.Himelman@yopmail.com,Vinita.Himelman@gmail.com,firefighter
949,Jenda,Hewitt,Jenda.Hewitt@yopmail.com,Jenda.Hewitt@gmail.com,worker
950,Carree,Leopold,Carree.Leopold@yopmail.com,Carree.Leopold@gmail.com,doctor
951,Leontine,Gladstone,Leontine.Gladstone@yopmail.com,Leontine.Gladstone@gmail.com,doctor
952,Zia,Egbert,Zia.Egbert@yopmail.com,Zia.Egbert@gmail.com,worker
953,Brietta,Emmaline,Brietta.Emmaline@yopmail.com,Brietta.Emmaline@gmail.com,worker
954,Stephanie,Fink,Stephanie.Fink@yopmail.com,Stephanie.Fink@gmail.com,police officer
955,Carlie,Tryck,Carlie.Tryck@yopmail.com,Carlie.Tryck@gmail.com,developer
956,Minda,Herrera,Minda.Herrera@yopmail.com,Minda.Herrera@gmail.com,doctor
957,Elbertina,Sallyann,Elbertina.Sallyann@yopmail.com,Elbertina.Sallyann@gmail.com,doctor
958,Yvonne,Roumell,Yvonne.Roumell@yopmail.com,Yvonne.Roumell@gmail.com,worker
959,Emma,Glenden,Emma.Glenden@yopmail.com,Emma.Glenden@gmail.com,doctor
960,Paola,Mendez,Paola.Mendez@yopmail.com,Paola.Mendez@gmail.com,worker
961,Dawn,Garbe,Dawn.Garbe@yopmail.com,Dawn.Garbe@gmail.com,police officer
962,Penelopa,Georas,Penelopa.Georas@yopmail.com,Penelopa.Georas@gmail.com,developer
963,Rebeca,Clara,Rebeca.Clara@yopmail.com,Rebeca.Clara@gmail.com,police officer
964,Norine,Noelyn,Norine.Noelyn@yopmail.com,Norine.Noelyn@gmail.com,developer
965,Sonni,Pyle,Sonni.Pyle@yopmail.com,Sonni.Pyle@gmail.com,doctor
966,Christian,Cutlerr,Christian.Cutlerr@yopmail.com,Christian.Cutlerr@gmail.com,worker
967,Livvyy,Bach,Livvyy.Bach@yopmail.com,Livvyy.Bach@gmail.com,firefighter
968,Deane,Teryn,Deane.Teryn@yopmail.com,Deane.Teryn@gmail.com,police officer
969,Dagmar,Cordi,Dagmar.Cordi@yopmail.com,Dagmar.Cordi@gmail.com,worker
970,Karly,Obed,Karly.Obed@yopmail.com,Karly.Obed@gmail.com,doctor
971,Audrie,Iphlgenia,Audrie.Iphlgenia@yopmail.com,Audrie.Iphlgenia@gmail.com,firefighter
972,Lizzie,Alwin,Lizzie.Alwin@yopmail.com,Lizzie.Alwin@gmail.com,developer
973,Hildegaard,Imelida,Hildegaard.Imelida@yopmail.com,Hildegaard.Imelida@gmail.com,worker
974,Blondelle,Hilbert,Blondelle.Hilbert@yopmail.com,Blondelle.Hilbert@gmail.com,police officer
975,Micheline,Chandler,Micheline.Chandler@yopmail.com,Micheline.Chandler@gmail.com,doctor
976,Vinita,Boehike,Vinita.Boehike@yopmail.com,Vinita.Boehike@gmail.com,police officer
977,Gavrielle,Alwin,Gavrielle.Alwin@yopmail.com,Gavrielle.Alwin@gmail.com,developer
978,Nerta,Hedve,Nerta.Hedve@yopmail.com,Nerta.Hedve@gmail.com,doctor
979,Elvira,Shuler,Elvira.Shuler@yopmail.com,Elvira.Shuler@gmail.com,police officer
980,Lindie,Masao,Lindie.Masao@yopmail.com,Lindie.Masao@gmail.com,developer
981,Grier,Bandeen,Grier.Bandeen@yopmail.com,Grier.Bandeen@gmail.com,doctor
982,Willetta,Japeth,Willetta.Japeth@yopmail.com,Willetta.Japeth@gmail.com,worker
983,Raina,Fennessy,Raina.Fennessy@yopmail.com,Raina.Fennessy@gmail.com,worker
984,Agnese,Madaih,Agnese.Madaih@yopmail.com,Agnese.Madaih@gmail.com,developer
985,Misha,Dannye,Misha.Dannye@yopmail.com,Misha.Dannye@gmail.com,worker
986,Philis,McClimans,Philis.McClimans@yopmail.com,Philis.McClimans@gmail.com,doctor
987,Joy,Marisa,Joy.Marisa@yopmail.com,Joy.Marisa@gmail.com,police officer
988,Celestyna,Loleta,Celestyna.Loleta@yopmail.com,Celestyna.Loleta@gmail.com,police officer
989,Meg,Darrell,Meg.Darrell@yopmail.com,Meg.Darrell@gmail.com,developer
990,Mary,Boycey,Mary.Boycey@yopmail.com,Mary.Boycey@gmail.com,doctor
991,Berta,Bultman,Berta.Bultman@yopmail.com,Berta.Bultman@gmail.com,worker
992,Jenilee,Rurik,Jenilee.Rurik@yopmail.com,Jenilee.Rurik@gmail.com,police officer
993,Mireielle,Buttaro,Mireielle.Buttaro@yopmail.com,Mireielle.Buttaro@gmail.com,worker
994,Fred,Rustice,Fred.Rustice@yopmail.com,Fred.Rustice@gmail.com,worker
995,Monika,Horan,Monika.Horan@yopmail.com,Monika.Horan@gmail.com,developer
996,Vonny,Dichy,Vonny.Dichy@yopmail.com,Vonny.Dichy@gmail.com,worker
997,Lila,Breed,Lila.Breed@yopmail.com,Lila.Breed@gmail.com,police officer
998,Deedee,Concha,Deedee.Concha@yopmail.com,Deedee.Concha@gmail.com,doctor
999,Emma,Anyah,Emma.Anyah@yopmail.com,Emma.Anyah@gmail.com,firefighter
1000,Elbertina,Heisel,Elbertina.Heisel@yopmail.com,Elbertina.Heisel@gmail.com,doctor
1001,Leia,Prouty,Leia.Prouty@yopmail.com,Leia.Prouty@gmail.com,worker
1002,Paola,Zuzana,Paola.Zuzana@yopmail.com,Paola.Zuzana@gmail.com,police officer
1003,Ketti,Bearnard,Ketti.Bearnard@yopmail.com,Ketti.Bearnard@gmail.com,police officer
1004,Devina,Zamora,Devina.Zamora@yopmail.com,Devina.Zamora@gmail.com,police officer
1005,Carly,Nerita,Carly.Nerita@yopmail.com,Carly.Nerita@gmail.com,developer
1006,Marjie,Atcliffe,Marjie.Atcliffe@yopmail.com,Marjie.Atcliffe@gmail.com,doctor
1007,Sara-Ann,Clarissa,Sara-Ann.Clarissa@yopmail.com,Sara-Ann.Clarissa@gmail.com,developer
1008,Feliza,Telfer,Feliza.Telfer@yopmail.com,Feliza.Telfer@gmail.com,developer
1009,Nadine,Old,Nadine.Old@yopmail.com,Nadine.Old@gmail.com,developer
1010,Viviene,Hewitt,Viviene.Hewitt@yopmail.com,Viviene.Hewitt@gmail.com,firefighter
1011,Celisse,Wildermuth,Celisse.Wildermuth@yopmail.com,Celisse.Wildermuth@gmail.com,developer
1012,Brandise,Bearnard,Brandise.Bearnard@yopmail.com,Brandise.Bearnard@gmail.com,doctor
1013,Deane,Desai,Deane.Desai@yopmail.com,Deane.Desai@gmail.com,developer
1014,Danny,Helfand,Danny.Helfand@yopmail.com,Danny.Helfand@gmail.com,developer
1015,Selma,Neva,Selma.Neva@yopmail.com,Selma.Neva@gmail.com,police officer
1016,Liana,Marden,Liana.Marden@yopmail.com,Liana.Marden@gmail.com,doctor
1017,Lanae,Suzetta,Lanae.Suzetta@yopmail.com,Lanae.Suzetta@gmail.com,police officer
1018,Aryn,Gino,Aryn.Gino@yopmail.com,Aryn.Gino@gmail.com,firefighter
1019,Jenda,Ietta,Jenda.Ietta@yopmail.com,Jenda.Ietta@gmail.com,doctor
1020,Lusa,Chobot,Lusa.Chobot@yopmail.com,Lusa.Chobot@gmail.com,developer
1021,Sean,Gower,Sean.Gower@yopmail.com,Sean.Gower@gmail.com,firefighter
1022,Libbie,Artie,Libbie.Artie@yopmail.com,Libbie.Artie@gmail.com,developer
1023,Kathy,Schroth,Kathy.Schroth@yopmail.com,Kathy.Schroth@gmail.com,doctor
1024,Aaren,Lumbard,Aaren.Lumbard@yopmail.com,Aaren.Lumbard@gmail.com,doctor
1025,Alisha,Stephie,Alisha.Stephie@yopmail.com,Alisha.Stephie@gmail.com,police officer
1026,Benita,Bebe,Benita.Bebe@yopmail.com,Benita.Bebe@gmail.com,developer
1027,Rosanne,Tjon,Rosanne.Tjon@yopmail.com,Rosanne.Tjon@gmail.com,worker
1028,Kimmy,Alejoa,Kimmy.Alejoa@yopmail.com,Kimmy.Alejoa@gmail.com,firefighter
1029,Roberta,Cleo,Roberta.Cleo@yopmail.com,Roberta.Cleo@gmail.com,developer
1030,Elie,Genna,Elie.Genna@yopmail.com,Elie.Genna@gmail.com,doctor
1031,Yolane,Audly,Yolane.Audly@yopmail.com,Yolane.Audly@gmail.com,firefighter
1032,Rayna,Elephus,Rayna.Elephus@yopmail.com,Rayna.Elephus@gmail.com,developer
1033,Nanete,Tillford,Nanete.Tillford@yopmail.com,Nanete.Tillford@gmail.com,worker
1034,Jean,Isidore,Jean.Isidore@yopmail.com,Jean.Isidore@gmail.com,doctor
1035,Caressa,Abernon,Caressa.Abernon@yopmail.com,Caressa.Abernon@gmail.com,police officer
1036,Rubie,Ellord,Rubie.Ellord@yopmail.com,Rubie.Ellord@gmail.com,firefighter
1037,Raina,Cimbura,Raina.Cimbura@yopmail.com,Raina.Cimbura@gmail.com,police officer
1038,Flory,Saunderson,Flory.Saunderson@yopmail.com,Flory.Saunderson@gmail.com,doctor
1039,Giustina,Seumas,Giustina.Seumas@yopmail.com,Giustina.Seumas@gmail.com,doctor
1040,Ingrid,Melleta,Ingrid.Melleta@yopmail.com,Ingrid.Melleta@gmail.com,police officer
1041,Yolane,Ehrman,Yolane.Ehrman@yopmail.com,Yolane.Ehrman@gmail.com,developer
1042,Paule,Frodi,Paule.Frodi@yopmail.com,Paule.Frodi@gmail.com,police officer
1043,Myriam,Blisse,Myriam.Blisse@yopmail.com,Myriam.Blisse@gmail.com,firefighter
1044,Christian,Kellby,Christian.Kellby@yopmail.com,Christian.Kellby@gmail.com,doctor
1045,Maye,Christine,Maye.Christine@yopmail.com,Maye.Christine@gmail.com,worker
1046,Etta,Merat,Etta.Merat@yopmail.com,Etta.Merat@gmail.com,police officer
1047,Ileana,Goddard,Ileana.Goddard@yopmail.com,Ileana.Goddard@gmail.com,firefighter
1048,Briney,Herrera,Briney.Herrera@yopmail.com,Briney.Herrera@gmail.com,police officer
1049,Celene,Montgomery,Celene.Montgomery@yopmail.com,Celene.Montgomery@gmail.com,developer
1050,Janenna,Kenwood,Janenna.Kenwood@yopmail.com,Janenna.Kenwood@gmail.com,police officer
1051,Livvyy,Shirberg,Livvyy.Shirberg@yopmail.com,Livvyy.Shirberg@gmail.com,worker
1052,Layla,Avi,Layla.Avi@yopmail.com,Layla.Avi@gmail.com,firefighter
1053,Orelia,Felizio,Orelia.Felizio@yopmail.com,Orelia.Felizio@gmail.com,doctor
1054,Olivette,Rillings,Olivette.Rillings@yopmail.com,Olivette.Rillings@gmail.com,police officer
1055,Ethel,Goth,Ethel.Goth@yopmail.com,Ethel.Goth@gmail.com,doctor
1056,Jinny,Schlosser,Jinny.Schlosser@yopmail.com,Jinny.Schlosser@gmail.com,firefighter
1057,Stacey,Vary,Stacey.Vary@yopmail.com,Stacey.Vary@gmail.com,developer
1058,Shaine,Kathie,Shaine.Kathie@yopmail.com,Shaine.Kathie@gmail.com,police officer
1059,Krystle,Nadia,Krystle.Nadia@yopmail.com,Krystle.Nadia@gmail.com,doctor
1060,Vonny,Devlen,Vonny.Devlen@yopmail.com,Vonny.Devlen@gmail.com,firefighter
1061,Angela,Dearborn,Angela.Dearborn@yopmail.com,Angela.Dearborn@gmail.com,developer
1062,Alia,Leffen,Alia.Leffen@yopmail.com,Alia.Leffen@gmail.com,doctor
1063,Rosene,Dosia,Rosene.Dosia@yopmail.com,Rosene.Dosia@gmail.com,police officer
1064,Raf,Virgin,Raf.Virgin@yopmail.com,Raf.Virgin@gmail.com,police officer
1065,Ekaterina,Aaberg,Ekaterina.Aaberg@yopmail.com,Ekaterina.Aaberg@gmail.com,firefighter
1066,Phylis,Anyah,Phylis.Anyah@yopmail.com,Phylis.Anyah@gmail.com,worker
1067,Oona,Mendez,Oona.Mendez@yopmail.com,Oona.Mendez@gmail.com,firefighter
1068,Tonia,Durware,Tonia.Durware@yopmail.com,Tonia.Durware@gmail.com,developer
1069,Devina,Fredi,Devina.Fredi@yopmail.com,Devina.Fredi@gmail.com,developer
1070,Alexine,Llovera,Alexine.Llovera@yopmail.com,Alexine.Llovera@gmail.com,worker
1071,Delilah,Prouty,Delilah.Prouty@yopmail.com,Delilah.Prouty@gmail.com,developer
1072,Carly,Hoenack,Carly.Hoenack@yopmail.com,Carly.Hoenack@gmail.com,firefighter
1073,Jessy,Gert,Jessy.Gert@yopmail.com,Jessy.Gert@gmail.com,police officer
1074,Jordan,Lalitta,Jordan.Lalitta@yopmail.com,Jordan.Lalitta@gmail.com,firefighter
1075,Lexine,Christal,Lexine.Christal@yopmail.com,Lexine.Christal@gmail.com,firefighter
1076,Corly,Niccolo,Corly.Niccolo@yopmail.com,Corly.Niccolo@gmail.com,police officer
1077,Olwen,Atonsah,Olwen.Atonsah@yopmail.com,Olwen.Atonsah@gmail.com,firefighter
1078,Tressa,Muriel,Tressa.Muriel@yopmail.com,Tressa.Muriel@gmail.com,firefighter
1079,Arlena,Letsou,Arlena.Letsou@yopmail.com,Arlena.Letsou@gmail.com,developer
1080,Gwenneth,Heidt,Gwenneth.Heidt@yopmail.com,Gwenneth.Heidt@gmail.com,police officer
1081,Sharai,Even,Sharai.Even@yopmail.com,Sharai.Even@gmail.com,worker
1082,Millie,Torray,Millie.Torray@yopmail.com,Millie.Torray@gmail.com,developer
1083,Constance,Linehan,Constance.Linehan@yopmail.com,Constance.Linehan@gmail.com,firefighter
1084,Carlie,Belanger,Carlie.Belanger@yopmail.com,Carlie.Belanger@gmail.com,worker
1085,Ida,Redmond,Ida.Redmond@yopmail.com,Ida.Redmond@gmail.com,developer
1086,Cassondra,Gale,Cassondra.Gale@yopmail.com,Cassondra.Gale@gmail.com,firefighter
1087,Halette,Lipson,Halette.Lipson@yopmail.com,Halette.Lipson@gmail.com,firefighter
1088,Andeee,Percy,Andeee.Percy@yopmail.com,Andeee.Percy@gmail.com,firefighter
1089,Talya,Randene,Talya.Randene@yopmail.com,Talya.Randene@gmail.com,firefighter
1090,Drucie,Charity,Drucie.Charity@yopmail.com,Drucie.Charity@gmail.com,firefighter
1091,Hollie,Cherianne,Hollie.Cherianne@yopmail.com,Hollie.Cherianne@gmail.com,police officer
1092,Ardenia,Edmund,Ardenia.Edmund@yopmail.com,Ardenia.Edmund@gmail.com,worker
1093,Magdalena,Amadas,Magdalena.Amadas@yopmail.com,Magdalena.Amadas@gmail.com,doctor
1094,Isa,Lenny,Isa.Lenny@yopmail.com,Isa.Lenny@gmail.com,police officer
1095,Max,Dunkin,Max.Dunkin@yopmail.com,Max.Dunkin@gmail.com,firefighter
1096,Alisha,Pearse,Alisha.Pearse@yopmail.com,Alisha.Pearse@gmail.com,firefighter
1097,Glenda,Manolo,Glenda.Manolo@yopmail.com,Glenda.Manolo@gmail.com,developer
1098,Feliza,Podvin,Feliza.Podvin@yopmail.com,Feliza.Podvin@gmail.com,doctor
1099,Codie,Gavrila,Codie.Gavrila@yopmail.com,Codie.Gavrila@gmail.com,police officer